2I;484;999;235316743;114413183;120903560;97784715;102597642;13296680;14836954;811337;829592;2520451;2639372;8792370;8670476;89561020;94508644;12925631;14454793;740141;760477;2394021;2509170
2I;484;0;3591415;1837851;1753564;1501207;1422855;268614;265178;19192;18783;48838;46748;194406;185581;1319682;1249746;260215;257028;17573;17209;45975;44000
2I;484;1;3547656;1815328;1732328;1483858;1408652;263835;258174;18827;18140;48808;47362;193477;184659;1302816;1236040;255708;250259;17298;16661;46029;44709
2I;484;2;3509698;1794651;1715047;1463898;1391149;264609;259317;17863;17350;48281;47231;189882;181599;1286120;1221235;256649;251641;16404;15915;45596;44657
2I;484;3;3522222;1800881;1721341;1469826;1396011;265826;260571;17640;17246;47589;47513;184497;176471;1296711;1230699;258353;253294;16292;15901;45028;44976
2I;484;4;3492922;1785190;1707732;1450350;1379182;270906;265910;18030;17575;45904;45065;196222;190548;1267252;1201369;262454;257726;16000;15610;43262;42479
2I;484;5;3352138;1714283;1637855;1392572;1322291;261321;256642;17102;16284;43288;42638;184583;176907;1220435;1157371;253339;248929;15174;14447;40752;40201
2I;484;6;3313786;1695255;1618531;1386689;1315847;252245;247671;15501;15135;40820;39878;184402;177710;1214391;1149710;244499;240206;13606;13353;38357;37552
2I;484;7;3259825;1668653;1591172;1362229;1291487;249553;245167;15594;14636;41277;39882;183520;177062;1190594;1125786;241892;237766;13781;12925;38866;37633
2I;484;8;3081542;1578779;1502763;1288845;1219214;235717;230761;14820;14508;39397;38280;173635;166858;1126259;1062776;228512;224241;13157;12816;37216;36072
2I;484;9;3246986;1664224;1582762;1357752;1284360;247149;241828;16029;15554;43294;41020;178607;171947;1190772;1123071;239763;235067;14296;13952;40786;38725
2I;484;10;3229733;1655577;1574156;1343153;1269989;252546;246639;16175;15766;43703;41762;167614;160904;1186333;1119450;245729;240069;14674;14317;41227;39416
2I;484;11;3293429;1684168;1609261;1365810;1298039;258132;252989;16470;16147;43756;42086;167969;160553;1208642;1147855;251348;246470;14954;14669;41255;39714
2I;484;12;3517657;1797797;1719860;1465490;1394138;269778;265346;17460;16952;45069;43424;168848;163430;1307360;1241138;263175;258871;15878;15421;42536;41000
2I;484;13;3806679;1946786;1859893;1598492;1520490;284607;278996;18132;17624;45555;42783;173894;168349;1435865;1362935;277508;272192;16521;16080;42998;40337
2I;484;14;3716710;1901631;1815079;1566331;1488484;272570;267768;17630;17186;45100;41641;167801;162812;1409416;1336321;265789;261008;15997;15624;42628;39314
2I;484;15;3651378;1866823;1784555;1538692;1463895;267677;263903;17366;16711;43088;40046;164210;158710;1385050;1315845;260826;257010;15869;15198;40868;37792
2I;484;16;3605377;1843740;1761637;1513650;1440170;271940;267483;16711;15890;41439;38094;164513;157071;1359966;1293704;264778;260411;15253;14494;39230;35957
2I;484;17;3732561;1910802;1821759;1571360;1492451;280556;275084;17057;16527;41829;37697;172308;162348;1410736;1341164;272744;267668;15525;15104;39489;35475
2I;484;18;3798729;1931732;1866997;1586534;1527306;284855;284916;17583;16379;42760;38396;176167;163747;1422452;1375145;276771;277020;16033;14968;40309;36117
2I;484;19;4224903;2132344;2092559;1763464;1721768;301313;309182;19669;18605;47898;43004;196092;181423;1581017;1553279;292029;300420;17968;17038;45238;40399
2I;484;20;4304835;2174815;2130020;1813142;1764178;293399;304211;19497;18200;48777;43431;204300;183908;1623123;1593368;283832;295351;17679;16631;45881;40762
2I;484;21;4266189;2150767;2115422;1801005;1757879;282195;295634;18926;17486;48641;44423;212299;187889;1602978;1583100;272757;286978;17084;15857;45649;41598
2I;484;22;4294629;2163412;2131217;1826154;1778566;272006;291584;17600;16971;47652;44096;214218;184774;1626447;1606951;262392;282798;15729;15378;44626;41316
2I;484;23;4317001;2166493;2150508;1838819;1796211;264473;291092;16656;16619;46545;46586;216349;187382;1636604;1622241;255027;282224;14912;14983;43601;43678
2I;484;24;4370060;2194453;2175607;1863990;1815724;266049;293881;16369;16223;48045;49779;219445;188241;1659197;1640970;256306;284852;14601;14766;44904;46778
2I;484;25;4364910;2187121;2177789;1861321;1818793;261793;291435;15261;15606;48746;51955;210417;183225;1664809;1648714;252432;282708;13659;14176;45804;48966
2I;484;26;4368306;2186265;2182041;1864699;1826152;258273;287237;14177;14322;49116;54330;204794;181951;1673181;1657300;249529;278662;12542;12805;46219;51323
2I;484;27;4311728;2157087;2154641;1836338;1798579;255400;285450;14374;14866;50975;55746;195068;176892;1654254;1634371;246677;277142;12846;13422;48242;52814
2I;484;28;4040243;2014180;2026063;1717583;1692510;234269;264396;13894;14858;48434;54299;176150;163812;1552987;1540115;226653;257068;12452;13451;45938;51617
2I;484;29;4299260;2149026;2150234;1828764;1792948;250842;282603;13066;13133;56354;61550;183254;170197;1657566;1634398;242959;275137;11705;11937;53542;58565
2I;484;30;4128327;2053555;2074772;1752381;1736146;232256;264139;13372;13746;55546;60741;164550;158420;1598336;1589194;225578;257047;12074;12419;53017;57692
2I;484;31;3948964;1959523;1989441;1680533;1671192;210948;244923;13484;13920;54558;59406;152784;149444;1537640;1532306;204868;238468;12152;12653;52079;56570
2I;484;32;3892517;1931063;1961454;1656224;1647027;208755;243669;13638;14141;52446;56617;145129;142864;1520643;1514010;202750;237485;12429;12994;50112;54101
2I;484;33;3668369;1811702;1856667;1550204;1552663;197753;232366;13365;14560;50380;57078;137513;135742;1421542;1426430;192180;226568;12234;13408;48233;54519
2I;484;34;3747196;1858632;1888564;1593399;1583760;203342;235602;11554;12352;50337;56850;136785;135984;1465145;1457006;197781;229734;10647;11419;48274;54421
2I;484;35;3663553;1809651;1853902;1559650;1564096;191642;223402;11747;12911;46612;53493;125530;127202;1442148;1445790;186514;217816;10790;11935;44669;51159
2I;484;36;3674175;1808136;1866039;1580475;1596024;172543;206209;11131;12367;43987;51439;119290;122334;1468560;1481771;167917;201180;10236;11474;42133;49280
2I;484;37;3678847;1811958;1866889;1594004;1609867;165937;198041;10460;11166;41557;47815;113571;117626;1487561;1500179;161523;193126;9582;10273;39721;45685
2I;484;38;2701682;1324186;1377496;1151153;1171770;128058;155344;9227;9582;35748;40800;96662;100371;1060541;1078267;124381;151084;8449;8832;34153;38942
2I;484;39;2968956;1462793;1506163;1267094;1279280;147050;173887;9934;10535;38715;42461;101507;103983;1172162;1182546;142943;169306;9158;9766;37023;40562
2I;484;40;3004475;1474816;1529659;1286578;1310717;142115;168987;9781;10302;36342;39653;93160;99356;1199431;1218469;138302;164415;9053;9551;34870;37868
2I;484;41;2951093;1450155;1500938;1276185;1297986;131795;156849;8956;9584;33219;36519;87280;92798;1194206;1211439;128503;152784;8311;8933;31855;34984
2I;484;42;2638122;1294665;1343457;1125811;1146672;128888;153847;8579;8958;31387;33980;81806;85564;1049353;1067195;125380;149907;7985;8325;30141;32466
2I;484;43;2484601;1215208;1269393;1055518;1082476;120564;145455;8440;8696;30686;32766;80935;84281;979802;1004015;117217;141592;7835;8129;29419;31376
2I;484;44;2435550;1194690;1240860;1034548;1056293;124041;146689;7587;8277;28514;29601;79715;82376;960049;979745;120505;142772;7103;7716;27318;28251
2I;484;45;2391169;1170759;1220410;1014355;1040453;120652;143714;7457;7647;28295;28596;74379;78853;944988;967318;117410;139782;6961;7127;27021;27330
2I;484;46;2336993;1141185;1195808;995442;1022418;112641;139196;7061;7399;26041;26795;72227;76189;927759;951379;109699;135653;6593;6929;24907;25658
2I;484;47;2257897;1100503;1157394;955857;988501;111688;135445;7011;7262;25947;26186;69705;74328;890907;919159;108483;132054;6571;6794;24837;25059
2I;484;48;2144165;1045291;1098874;917678;948346;98814;120419;6116;6548;22683;23561;64739;68918;856882;883858;96210;117310;5734;6156;21726;22632
2I;484;49;2305048;1126620;1178428;989086;1016911;107639;129416;6689;6825;23206;25276;69104;72599;924133;948841;104789;126304;6276;6357;22318;24327
2I;484;50;2130114;1031763;1098351;899233;942340;104965;124887;6141;6636;21424;24488;60597;65973;842538;880833;102308;121771;5721;6195;20599;23579
2I;484;51;2110025;1020467;1089558;897477;939996;97813;120113;5648;6294;19529;23155;58271;63621;842766;880344;95371;117370;5275;5901;18784;22322
2I;484;52;2168652;1044907;1123745;921341;972162;99086;122724;5494;6179;18986;22680;58754;62454;866027;913477;96659;120047;5159;5830;18308;21937
2I;484;53;2259533;1088823;1170710;966875;1020348;98581;121961;5306;6007;18061;22394;60632;65533;909652;958847;96178;119099;4980;5631;17381;21600
2I;484;54;2306404;1115190;1191214;989400;1037553;102330;125145;5575;5966;17885;22550;60963;66035;931841;975576;99953;122334;5198;5575;17235;21694
2I;484;55;2258503;1076638;1181865;953259;1030537;100996;123402;5275;5905;17108;22021;56075;62263;900419;972418;98727;120468;4941;5538;16476;21178
2I;484;56;2320326;1105524;1214802;988854;1070075;95916;118567;4823;5394;15931;20766;54000;59222;937830;1014440;93845;116061;4519;5063;15330;20016
2I;484;57;2298915;1084052;1214863;964781;1068168;98610;120951;4878;5294;15783;20450;51097;58192;916690;1013732;96497;118304;4578;4958;15190;19677
2I;484;58;2186390;1026468;1159922;918176;1026512;88850;109639;4586;4812;14856;18959;47255;53461;873609;976419;87035;107374;4297;4480;14272;18188
2I;484;59;2322783;1086908;1235875;975455;1098261;91235;113292;4651;5258;15567;19064;47866;54263;930352;1047299;89351;111008;4333;4949;15006;18356
2I;484;60;2265991;1053399;1212592;940173;1071620;93080;117265;4578;5146;15568;18561;45383;49518;897449;1025495;91220;114875;4296;4839;15051;17865
2I;484;61;2160505;1004344;1156161;901379;1027053;84147;107336;4285;4648;14533;17124;41837;46488;861855;983608;82547;105255;4038;4351;14067;16459
2I;484;62;2195339;1020854;1174485;921982;1049217;80674;104378;4136;4496;14062;16394;39521;44486;884591;1007511;79207;102363;3908;4263;13627;15862
2I;484;63;2105699;982295;1123404;890954;1006010;74821;98040;3736;4141;12784;15213;36009;41711;856870;966921;73511;96205;3521;3914;12384;14653
2I;484;64;2038933;937743;1101190;847375;984151;74415;97883;3583;4106;12370;15050;34690;40877;814631;945978;73067;95964;3396;3900;11959;14471
2I;484;65;1964119;893596;1070523;804060;953857;74956;98847;3326;3814;11254;14005;29312;36098;776564;920282;73653;97026;3162;3619;10905;13498
2I;484;66;1932401;875587;1056814;794247;949661;68208;90858;2834;3461;10298;12834;28255;35011;767672;916909;67022;89253;2676;3280;9962;12361
2I;484;67;1841466;820485;1020981;739335;912974;67908;91876;2856;3397;10386;12734;24761;32468;716289;882751;66738;90260;2673;3222;10024;12280
2I;484;68;1728879;764512;964367;690546;864756;61523;84751;2737;3198;9706;11662;23269;30550;668721;836130;60523;83380;2590;3042;9409;11265
2I;484;69;1721727;745276;976451;669304;871660;63334;89973;2629;3487;10009;11331;23103;31568;647761;842258;62244;88430;2530;3318;9638;10877
2I;484;70;1630671;701056;929615;630583;831858;58692;84288;2397;3119;9384;10350;21543;29574;610470;804224;57794;82887;2283;2966;8966;9964
2I;484;71;1564334;665159;899175;602347;810929;52041;75863;2299;2975;8472;9408;20670;28773;583027;783923;51198;74599;2175;2829;8089;9051
2I;484;72;1473969;619280;854689;560497;770411;48574;72945;2185;2737;8024;8596;19078;26754;542762;745362;47802;71736;2058;2593;7580;8244
2I;484;73;1382194;572505;809689;520370;732493;43023;66744;1965;2524;7147;7928;18464;25854;503137;707985;42312;65804;1837;2410;6755;7636
2I;484;74;1331923;541302;790621;489642;714894;42767;65704;1741;2593;7152;7430;17037;24011;473712;692395;42143;64587;1663;2475;6747;7153
2I;484;75;1242502;498130;744372;449902;673907;40080;61458;1609;2332;6539;6675;15651;21709;435293;653437;39478;60567;1524;2224;6184;6435
2I;484;76;1147529;449990;697539;406332;633198;36205;56282;1534;2171;5919;5888;14321;20017;392967;614237;35633;55549;1455;2074;5614;5662
2I;484;77;1068588;409726;658862;369454;598307;33320;53072;1479;2041;5473;5442;13436;19041;356961;580312;32790;52285;1407;1960;5132;5264
2I;484;78;979825;368833;610992;333457;556866;29341;47445;1243;1819;4792;4862;12452;17482;321793;540283;28859;46794;1191;1745;4538;4688
2I;484;79;900501;331754;568747;298717;516882;27549;45678;1159;1667;4329;4520;11395;16444;288081;501264;27120;45095;1083;1586;4075;4358
2I;484;80;799179;286687;512492;258332;467024;23894;40179;1007;1411;3454;3878;9939;14063;249041;453652;23484;39677;955;1351;3268;3749
2I;484;81;712502;248586;463916;227558;428462;17360;30867;809;1205;2859;3382;8683;12365;219371;416713;17050;30425;768;1155;2714;3258
2I;484;82;637251;219558;417693;200838;385521;15694;28270;669;1049;2357;2853;7508;10839;193771;375167;15441;27907;632;1013;2206;2767
2I;484;83;581344;195110;386234;178791;356859;13701;25870;561;931;2057;2574;7352;11334;171849;346050;13436;25476;527;886;1946;2488
2I;484;84;525639;171621;354018;156525;326141;12747;24489;539;853;1810;2535;5577;8415;151287;318098;12525;24209;510;821;1722;2475
2I;484;85;456575;145529;311046;131783;286862;11509;21370;515;743;1722;2071;4286;6556;127819;280642;11287;21101;499;708;1638;2039
2I;484;86;391624;121033;270591;109880;250323;9328;17851;449;663;1376;1754;3414;5449;106729;245155;9144;17624;424;632;1322;1731
2I;484;87;334232;99530;234702;90248;217219;7803;15454;370;562;1109;1467;2822;4771;87702;212691;7594;15264;357;529;1055;1447
2I;484;88;277356;79864;197492;72445;183107;6306;12769;310;477;803;1139;2559;4194;70151;179093;6114;12630;291;446;749;1129
2I;484;89;250033;71558;178475;63924;163625;6869;13447;288;461;477;942;2275;3579;61899;160223;6688;13305;264;446;432;922
2I;484;90;198455;55040;143415;49868;132268;4669;10069;200;370;303;708;1729;2887;48302;129531;4542;9957;187;345;280;695
2I;484;91;159899;42800;117099;39241;108399;3179;7820;143;269;237;611;1321;2384;38018;106142;3102;7723;133;255;226;595
2I;484;92;130276;34483;95793;31582;88324;2555;6674;110;228;236;567;1042;1968;30603;86452;2514;6605;99;218;225;550
2I;484;93;104139;27369;76770;24934;70643;2119;5445;98;184;218;498;794;1574;24174;69149;2102;5391;93;174;206;482
2I;484;94;79846;20318;59528;18403;54607;1597;4300;82;155;236;466;596;1240;17837;53432;1580;4260;76;147;229;449
2I;484;95;56689;13687;43002;12285;39426;1094;3102;75;111;233;363;411;906;11897;38575;1081;3065;74;101;224;355
2I;484;96;41509;9921;31588;8799;28916;877;2327;63;85;182;260;301;655;8518;28299;867;2302;61;80;174;252
2I;484;97;30370;7220;23150;6313;21002;753;1902;39;65;115;181;207;482;6119;20551;748;1882;36;61;110;174
2I;484;98;20952;4850;16102;4242;14585;543;1352;23;48;42;117;142;347;4110;14270;540;1328;21;44;37;113
2I;484;99;14978;3380;11598;2894;10489;479;1067;3;12;4;30;121;259;2788;10257;471;1044;0;10;0;28
2I;484;100;20949;3268;17681;2131;15268;995;2316;36;33;106;64;282;566;1902;14768;958;2265;32;27;94;55
2I;784;999;235824902;114670261;121154641;97952671;102755014;13334536;14877930;818651;837001;2564403;2684696;8887175;8752761;89647140;94595732;12955719;14488771;745581;766194;2434646;2551183
2I;784;0;3571901;1827580;1744321;1492396;1416137;267343;262677;19021;18695;48820;46812;194535;185956;1310919;1242794;258841;254464;17370;17082;45915;44025
2I;784;1;3543520;1814369;1729151;1482260;1404878;263611;258108;19014;18276;49484;47889;194016;184916;1300934;1232249;255348;250057;17437;16754;46634;45175
2I;784;2;3534437;1807001;1727436;1472698;1400054;266834;261487;18396;17845;49073;48050;192936;184633;1292270;1227505;258609;253560;16878;16351;46308;45387
2I;784;3;3527196;1803180;1724016;1472282;1398805;264790;259434;17678;17411;48430;48366;187178;179156;1296826;1231145;257122;251973;16271;15999;45783;45743
2I;784;4;3517851;1798167;1719684;1460458;1388004;272453;267897;18070;17564;47186;46219;194859;188384;1278424;1212095;264193;259858;16172;15737;44519;43610
2I;784;5;3397284;1736786;1660498;1410696;1340301;264137;259920;17376;16462;44577;43815;188642;181432;1234907;1171231;255900;251983;15375;14552;41962;41300
2I;784;6;3297294;1686787;1610507;1377812;1307891;251453;246439;15736;15312;41786;40865;184264;177330;1205885;1142358;243589;238876;13791;13476;39258;38467
2I;784;7;3315974;1698460;1617514;1385490;1312013;255415;250062;15712;14878;41843;40561;185415;178909;1212288;1144792;247594;242479;13820;13097;39343;38237
2I;784;8;3064081;1568656;1495425;1280583;1212828;233172;229333;15060;14606;39841;38658;175671;168895;1116307;1054723;225775;222569;13320;12849;37583;36389
2I;784;9;3263292;1672566;1590726;1362868;1289308;250161;244525;16092;15651;43445;41242;180978;174149;1193782;1126077;242582;237648;14298;13964;40926;38888
2I;784;10;3229060;1656180;1572880;1345483;1270739;250632;244296;16114;15681;43951;42164;169309;162377;1187161;1118802;243678;237668;14605;14238;41427;39795
2I;784;11;3266693;1670826;1595867;1353451;1286127;256391;251439;16502;16185;44482;42116;168606;161447;1195832;1135230;249495;244820;14965;14686;41928;39684
2I;784;12;3449276;1763061;1686215;1433508;1362789;266519;262433;17331;16812;45703;44181;167805;161896;1276470;1211396;259903;255915;15742;15271;43141;41737
2I;784;13;3779052;1933101;1845951;1583062;1505019;285351;279447;18214;17732;46474;43753;174031;168631;1420413;1347292;278233;272623;16577;16159;43847;41246
2I;784;14;3726194;1906975;1819219;1574473;1495775;269146;263840;17953;17445;45403;42159;171448;165923;1414298;1340839;262151;256869;16259;15844;42819;39744
2I;784;15;3672874;1876526;1796348;1541662;1468906;272552;268878;17520;16929;44792;41635;166193;160893;1386308;1318885;265589;261920;15964;15356;42472;39294
2I;784;16;3611198;1847347;1763851;1516563;1442455;271328;266265;16823;15952;42633;39179;165821;157750;1361653;1295405;264145;259171;15342;14533;40386;36992
2I;784;17;3715408;1902548;1812860;1564599;1484862;278236;272937;17073;16472;42640;38589;173027;162640;1403397;1333430;270350;265473;15516;15023;40258;36294
2I;784;18;3765596;1914222;1851374;1571064;1513161;282278;282825;17352;16275;43528;39113;176161;163699;1407126;1361186;274131;274846;15778;14847;41026;36796
2I;784;19;4165555;2102844;2062711;1735460;1693456;299273;307052;19580;18410;48531;43793;196804;181553;1552534;1525007;289876;298207;17844;16829;45786;41115
2I;784;20;4298672;2174402;2124270;1810678;1757605;294508;304341;19553;18296;49663;44028;205341;184936;1619918;1586023;284717;295301;17714;16700;46712;41310
2I;784;21;4268470;2153429;2115041;1801478;1755768;283277;296300;19111;17625;49563;45348;214418;189181;1601697;1579977;273607;287461;17223;15976;46484;42446
2I;784;22;4269317;2150675;2118642;1812735;1766120;271565;290580;17803;17021;48572;44921;215897;186226;1611601;1593238;261816;281710;15893;15393;45468;42075
2I;784;23;4342912;2180344;2162568;1848649;1805964;267171;292617;16867;16815;47657;47172;219649;189318;1643577;1630348;257458;283562;15044;15139;44616;44201
2I;784;24;4350012;2183804;2166208;1854716;1806141;263927;293164;16579;16434;48582;50469;223691;191433;1646095;1628625;253919;283883;14760;14898;45339;47369
2I;784;25;4368689;2189331;2179358;1859794;1817707;264256;293008;15502;15822;49779;52821;214045;185277;1660136;1645836;254610;284123;13832;14372;46708;49750
2I;784;26;4356026;2181376;2174650;1860964;1820195;256494;285308;14369;14516;49549;54631;207580;183310;1667007;1650261;247497;276531;12730;12993;46562;51555
2I;784;27;4379658;2190884;2188774;1865378;1827252;258776;289434;14278;14707;52452;57381;198678;179344;1680029;1660939;249867;280924;12690;13220;49620;54347
2I;784;28;4039434;2015327;2024107;1717093;1689890;234973;264520;14151;15059;49110;54638;179040;165979;1549969;1535632;227109;256980;12660;13609;46549;51907
2I;784;29;4314856;2157255;2157601;1833586;1797055;253211;284421;13572;13803;56886;62322;187241;173289;1658834;1635786;245021;276708;12131;12527;54028;59291
2I;784;30;4165848;2073032;2092816;1768058;1748902;234798;268245;13236;13571;56940;62098;167721;160684;1611229;1599844;227841;261025;11921;12246;54320;59017
2I;784;31;3963294;1967159;1996135;1684269;1675345;214029;246618;13575;14012;55286;60160;155935;151882;1538515;1534373;207761;239964;12206;12695;52742;57221
2I;784;32;3880341;1925884;1954457;1652710;1641299;206740;241837;13644;14123;52790;57198;146304;144139;1516117;1507248;200647;235528;12407;12945;50409;54597
2I;784;33;3754734;1853687;1901047;1586529;1590530;201703;237454;13486;14616;51969;58447;139718;137434;1455960;1462788;195954;231513;12307;13442;49748;55870
2I;784;34;3738873;1855953;1882920;1588881;1576557;204394;236399;11999;12851;50679;57113;139774;138153;1457989;1447948;198608;230355;11036;11851;48546;54613
2I;784;35;3686870;1820993;1865877;1567745;1572280;193563;225757;11888;13086;47797;54754;127371;128788;1448599;1452617;188300;220039;10914;12086;45809;52347
2I;784;36;3599824;1774095;1825729;1543056;1553646;174798;207501;11307;12514;44934;52068;120610;123439;1430097;1438497;169984;202320;10385;11603;43019;49870
2I;784;37;3877251;1906794;1970457;1679448;1701624;173034;206758;10706;11576;43606;50499;115912;119848;1570857;1589915;168485;201734;9809;10653;41731;48307
2I;784;38;2732807;1341576;1391231;1168621;1185705;128163;155095;9365;9740;35427;40691;99518;103383;1075361;1089443;124366;150709;8551;8950;33780;38746
2I;784;39;2970607;1463703;1506904;1266159;1277518;147923;175175;9965;10457;39656;43754;102697;104889;1170261;1180017;143688;170484;9157;9675;37900;41839
2I;784;40;2959597;1452591;1507006;1264586;1288192;141296;167993;9943;10561;36766;40260;94504;100209;1176268;1195242;137391;163380;9186;9777;35242;38398
2I;784;41;3021149;1484029;1537120;1306663;1330089;133890;159540;9166;9761;34310;37730;88728;94441;1223427;1242114;130481;155343;8495;9085;32898;36137
2I;784;42;2678800;1315985;1362815;1145867;1164801;129502;154180;8674;9119;31942;34715;82773;86992;1068494;1084017;125984;150158;8062;8469;30672;33179
2I;784;43;2520262;1232628;1287634;1069951;1097546;122750;147672;8576;8841;31351;33575;81492;84948;993799;1018561;119317;143729;7955;8253;30065;32143
2I;784;44;2455766;1204999;1250767;1043706;1064988;124375;147175;7778;8410;29140;30194;80892;83313;968186;987607;120740;143205;7262;7835;27919;28807
2I;784;45;2384491;1167637;1216854;1010675;1036171;121002;143810;7484;7751;28476;29122;75215;79639;940544;962363;117687;139824;6987;7212;27204;27816
2I;784;46;2355339;1150314;1205025;1003495;1030664;113085;139610;7175;7478;26559;27273;72727;76816;935439;959144;110080;135969;6688;6994;25380;26102
2I;784;47;2280841;1112044;1168797;964811;996972;113417;137498;7139;7375;26677;26952;70614;75096;899053;926984;110171;134039;6684;6889;25522;25789
2I;784;48;2138406;1042828;1095578;915477;945558;98130;119721;6173;6622;23048;23677;64822;69237;854673;880837;95493;116566;5781;6221;22059;22717
2I;784;49;2269706;1109661;1160045;971795;999261;107566;128534;6776;6933;23524;25317;69579;73139;906510;930772;104624;125335;6354;6461;22594;24338
2I;784;50;2168538;1050865;1117673;917557;960237;105145;126044;6224;6643;21939;24749;61884;67087;859632;897650;102441;122911;5793;6192;21115;23833
2I;784;51;2096579;1014988;1081591;891544;932551;97749;119278;5766;6390;19929;23372;58650;64192;836553;872494;95268;116428;5376;5980;19141;22497
2I;784;52;2151393;1037068;1114325;913362;963038;98865;122091;5513;6170;19328;23026;58083;62026;858733;904794;96439;119431;5169;5815;18644;22259
2I;784;53;2239807;1079508;1160299;957429;1009790;98499;121942;5327;6060;18253;22507;60562;65058;900311;948750;96072;119078;5000;5682;17563;21731
2I;784;54;2300323;1110140;1190183;984057;1036090;102280;125199;5620;6081;18183;22813;61500;66847;926094;973410;99798;122322;5238;5676;17510;21928
2I;784;55;2253413;1076693;1176720;953042;1025252;100918;123233;5331;5936;17402;22299;56614;62867;899688;966561;98653;120287;4985;5564;16753;21441
2I;784;56;2303064;1097101;1205963;980248;1060785;95844;118647;4884;5461;16125;21070;54486;59831;928778;1004644;93752;116076;4570;5119;15515;20293
2I;784;57;2310387;1091905;1218482;972210;1071404;98712;120975;4910;5354;16073;20749;51951;58676;923355;1016529;96538;118297;4600;5015;15461;19965
2I;784;58;2182467;1024643;1157824;916228;1024092;88864;109628;4615;4834;14936;19270;47457;53938;871526;973608;87009;107305;4323;4491;14328;18482
2I;784;59;2302210;1077295;1224915;965680;1086763;91187;113375;4729;5245;15699;19532;48118;54807;920371;1035334;89276;111063;4405;4923;15125;18788
2I;784;60;2272133;1056018;1216115;942804;1074861;92966;117192;4560;5205;15688;18857;45655;50302;899854;1027964;91090;114796;4266;4897;15153;18156
2I;784;61;2172234;1009979;1162255;906715;1032614;84239;107590;4330;4718;14695;17333;42571;47105;866509;988631;82611;105457;4071;4408;14217;16654
2I;784;62;2169523;1007339;1162184;907737;1035904;81024;104900;4215;4555;14363;16825;39841;44855;870091;993901;79509;102860;3982;4307;13916;16261
2I;784;63;2128609;992613;1135996;900360;1017585;75408;98792;3781;4195;13064;15424;36744;42329;865562;977886;74096;96940;3563;3966;12648;14875
2I;784;64;2060127;948390;1111737;857249;993521;74800;98586;3659;4204;12682;15426;35304;41698;823938;954623;73426;96609;3462;3984;12260;14823
2I;784;65;1973045;898438;1074607;808329;957008;75201;99376;3391;3863;11517;14360;30255;36966;779942;922658;73856;97503;3220;3663;11165;13817
2I;784;66;1923108;870571;1052537;788835;944798;68402;91226;2865;3509;10469;13004;28272;35162;762233;911902;67225;89606;2710;3329;10131;12538
2I;784;67;1861062;831355;1029707;749967;921377;68032;91979;2854;3413;10502;12938;25373;32965;726343;890685;66827;90346;2669;3235;10143;12476
2I;784;68;1736303;766951;969352;692729;869468;61620;84804;2749;3196;9853;11884;23263;30642;670975;840783;60595;83430;2589;3034;9529;11463
2I;784;69;1720868;745870;974998;669597;869944;63556;90032;2670;3488;10047;11534;23174;31601;647971;840530;62458;88462;2562;3321;9705;11084
2I;784;70;1634566;702755;931811;632302;833743;58622;84390;2385;3149;9446;10529;21564;29690;612176;806015;57704;82984;2277;2991;9034;10131
2I;784;71;1568973;667056;901917;604218;813217;51971;76079;2308;3043;8559;9578;20827;29085;584742;785951;51130;74785;2182;2892;8175;9204
2I;784;72;1479114;621567;857547;562520;772719;48681;73268;2197;2755;8169;8805;19143;26921;544710;747517;47905;72049;2075;2612;7734;8448
2I;784;73;1389518;575846;813672;523467;735873;43206;67203;2006;2582;7167;8014;18529;26111;506196;711176;42476;66212;1871;2460;6774;7713
2I;784;74;1340032;544936;795096;493120;718788;42777;66058;1790;2602;7249;7648;17319;24499;476960;695797;42122;64953;1702;2484;6833;7363
2I;784;75;1250315;501616;748699;453199;677587;40224;61946;1602;2375;6591;6791;15739;21987;438498;656868;39627;61025;1515;2263;6237;6556
2I;784;76;1154191;452940;701251;409050;636348;36359;56710;1551;2199;5980;5994;14439;20287;395590;617155;35778;55952;1470;2097;5663;5760
2I;784;77;1075430;412498;662932;372044;601859;33435;53477;1485;2060;5534;5536;13493;19168;359505;583736;32906;52703;1410;1977;5184;5348
2I;784;78;986823;371677;615146;336107;560656;29473;47703;1252;1863;4845;4924;12500;17662;324398;543916;28985;47024;1200;1788;4594;4756
2I;784;79;907254;334281;572973;301022;520618;27686;46093;1157;1689;4416;4573;11490;16602;290301;504872;27246;45489;1083;1614;4161;4396
2I;784;80;806129;289391;516738;260732;470824;24119;40549;1026;1445;3514;3920;10010;14341;251378;457172;23706;40057;968;1378;3329;3790
2I;784;81;718086;250579;467507;229344;431634;17499;31224;819;1215;2917;3434;8810;12615;221058;419646;17182;30771;777;1166;2752;3309
2I;784;82;643113;221582;421531;202589;388859;15932;28712;683;1067;2378;2893;7560;10838;195480;378518;15668;28342;644;1032;2230;2801
2I;784;83;585654;196646;389008;180073;359178;13892;26275;567;954;2114;2601;7369;11316;173118;348387;13630;25883;532;908;1997;2514
2I;784;84;529282;172718;356564;157579;328350;12756;24785;543;880;1840;2549;5875;9054;152057;319717;12529;24460;509;846;1748;2487
2I;784;85;460979;146985;313994;133152;289508;11554;21630;524;747;1755;2109;4416;6727;129061;283103;11328;21381;508;711;1672;2072
2I;784;86;394823;122214;272609;110956;252089;9434;18074;445;671;1379;1775;3451;5472;107765;246893;9252;17849;423;642;1323;1753
2I;784;87;337493;100740;236753;91311;219073;7905;15640;379;561;1145;1479;2836;4778;88751;214539;7709;15448;362;530;1082;1458
2I;784;88;279082;80274;198808;72828;184238;6291;12941;310;476;845;1153;2561;4239;70539;180188;6088;12789;290;451;796;1141
2I;784;89;249640;70635;179005;63092;164181;6717;13389;294;466;532;969;2254;3615;61082;160744;6543;13254;274;440;482;952
2I;784;90;200084;55584;144500;50219;133238;4845;10186;206;374;314;702;1751;2911;48645;130483;4713;10070;188;346;287;690
2I;784;91;161218;43079;118139;39476;109343;3231;7902;141;274;231;620;1334;2409;38244;107062;3153;7802;128;263;220;603
2I;784;92;131898;34842;97056;31927;89477;2570;6797;114;230;231;552;1060;1995;30930;87581;2528;6726;103;219;221;535
2I;784;93;106345;27968;78377;25477;72056;2180;5617;94;187;217;517;807;1605;24706;70536;2161;5558;89;178;205;500
2I;784;94;81920;20903;61017;18947;55948;1653;4425;78;159;225;485;604;1260;18374;54752;1636;4387;73;150;216;468
2I;784;95;57934;13897;44037;12495;40377;1086;3178;77;114;239;368;426;921;12095;39507;1072;3143;74;105;230;361
2I;784;96;42333;10052;32281;8913;29548;877;2367;63;89;199;277;303;670;8628;28914;869;2343;60;84;192;270
2I;784;97;31405;7538;23867;6564;21656;778;1947;46;68;150;196;208;501;6366;21192;774;1922;44;64;146;188
2I;784;98;21781;5103;16678;4458;15095;562;1411;20;45;63;127;145;360;4324;14775;558;1380;18;40;58;123
2I;784;99;15958;3785;12173;3288;10979;490;1118;3;20;4;56;126;264;3177;10737;482;1101;0;19;0;52
2I;784;100;21748;3243;18505;2082;16020;1029;2388;36;34;96;63;284;573;1852;15509;993;2341;31;27;83;55
2I;1084;999;236452643;114986385;121466258;98163458;102956627;13386668;14933401;826555;845074;2609704;2731156;8984782;8838852;89773878;94723840;12999729;14536891;751506;772473;2476490;2594202
2I;1084;0;3600584;1841336;1759248;1502494;1427847;269866;264888;19198;18913;49778;47600;197489;189095;1318486;1251755;261111;256440;17479;17236;46771;44722
2I;1084;1;3516022;1800403;1715619;1470603;1392938;261372;256399;18907;18218;49521;48064;193174;184017;1290241;1221347;253038;248269;17305;16668;46645;45318
2I;1084;2;3542808;1811646;1731162;1475195;1402104;266930;261174;19061;18439;50460;49445;195414;186943;1292682;1227602;258489;253050;17472;16880;47589;46687
2I;1084;3;3535832;1807362;1728470;1475194;1402074;265273;259924;17675;17474;49220;48998;189982;181973;1297307;1231957;257357;252237;16212;15999;46504;46304
2I;1084;4;3538239;1809798;1728441;1470281;1395268;272954;268374;18593;18177;47970;46622;198519;191362;1284735;1216565;264555;260155;16787;16437;45202;43922
2I;1084;5;3442825;1759020;1683805;1427631;1358536;267800;262996;17633;16637;45956;45636;192336;185614;1248524;1185655;259338;254861;15556;14649;43266;43026
2I;1084;6;3302432;1689968;1612464;1377627;1306188;253608;248791;15931;15329;42802;42156;182749;175376;1207336;1142720;245686;241173;13957;13468;40240;39727
2I;1084;7;3353521;1717289;1636232;1400822;1326931;257925;253186;15796;15145;42746;40970;186948;180569;1226411;1158374;249955;245452;13822;13282;40153;38555
2I;1084;8;3072871;1572775;1500096;1283084;1216553;234201;229637;15301;14672;40189;39234;177753;170853;1117094;1056846;226601;222599;13489;12878;37838;36920
2I;1084;9;3245364;1663998;1581366;1355020;1280320;249384;243876;16168;15789;43426;41381;182885;176019;1184269;1115520;241648;236888;14299;13981;40897;38958
2I;1084;10;3256868;1671424;1585444;1357750;1281402;252359;245925;16134;15629;45181;42488;172064;164599;1196949;1127341;245202;239208;14611;14195;42598;40101
2I;1084;11;3247851;1660499;1587352;1345671;1279160;253814;249032;16426;16149;44588;43011;168134;161544;1188639;1128266;246858;242367;14873;14633;41995;40542
2I;1084;12;3371703;1723215;1648488;1398462;1329988;261483;257596;17374;16850;45896;44054;168397;161790;1241018;1178932;254747;250928;15764;15288;43289;41550
2I;1084;13;3719325;1900354;1818971;1551646;1478418;282783;277626;18132;17653;47793;45274;172772;167688;1390256;1321654;275744;270847;16477;16060;45105;42722
2I;1084;14;3757970;1926028;1831942;1586973;1503335;274760;268131;18277;17725;46018;42751;174870;168787;1423773;1345871;267521;260946;16538;16098;43326;40240
2I;1084;15;3700508;1890452;1810056;1550431;1478498;276021;271464;17699;17143;46301;42951;168689;163278;1392878;1326327;268952;264432;16064;15498;43869;40521
2I;1084;16;3613745;1848410;1765335;1521516;1446345;266820;263030;16950;16115;43124;39845;167357;158892;1365217;1298293;259556;255899;15443;14661;40837;37590
2I;1084;17;3698928;1896019;1802909;1557282;1475136;277778;271795;17126;16326;43833;39652;173925;162937;1395314;1323516;269829;264273;15542;14864;41409;37319
2I;1084;18;3718951;1890508;1828443;1550553;1494147;278769;278688;17171;16306;44015;39302;176532;163986;1386419;1342053;270531;270619;15575;14853;41451;36932
2I;1084;19;4100534;2071440;2029094;1706809;1663231;296277;303551;19393;18060;48961;44252;197115;180885;1523789;1495523;286804;294664;17606;16474;46126;41548
2I;1084;20;4283092;2165897;2117195;1800693;1748601;295446;305427;19584;18408;50174;44759;206521;186001;1609004;1576220;285435;296237;17742;16775;47195;41962
2I;1084;21;4257618;2149737;2107881;1796076;1748061;284005;296258;19186;17715;50470;45847;215235;189650;1595838;1572005;274139;287247;17231;16066;47294;42913
2I;1084;22;4248070;2140176;2107894;1801231;1755182;271509;289875;18170;17197;49266;45640;218287;188790;1597936;1579981;261634;280926;16227;15515;46092;42682
2I;1084;23;4327863;2174358;2153505;1840692;1796319;268080;292601;16995;16868;48591;47717;221826;190213;1633860;1620019;258136;283393;15106;15184;45430;44696
2I;1084;24;4367073;2191991;2175082;1861582;1813946;264297;293567;16711;16680;49401;50889;226967;194077;1649988;1634180;254069;284071;14856;15041;46111;47713
2I;1084;25;4393291;2204240;2189051;1871044;1825036;266618;294232;15808;15970;50770;53813;218423;187962;1667528;1650788;256722;285171;14038;14495;47529;50635
2I;1084;26;4327060;2167073;2159987;1847397;1805180;255331;285155;14544;14854;49801;54798;209480;184173;1651867;1634569;246035;276235;12913;13324;46778;51686
2I;1084;27;4390976;2196235;2194741;1867979;1831647;260622;290195;14295;14587;53339;58312;202399;181828;1679257;1663209;251570;281472;12622;13065;50387;55167
2I;1084;28;4089979;2041386;2048593;1738072;1708809;238769;268986;14166;14962;50379;55836;181733;167949;1568591;1552874;230660;261248;12660;13489;47742;53033
2I;1084;29;4313001;2157391;2155610;1832938;1794378;253447;284135;14261;14755;56745;62342;190549;176106;1655272;1630695;244996;276154;12718;13373;53856;59282
2I;1084;30;4196287;2089261;2107026;1779360;1758796;238632;271899;13143;13382;58126;62949;171707;163471;1619055;1607116;231311;264544;11790;12065;55398;59830
2I;1084;31;3984650;1978000;2006650;1690902;1681694;217409;249793;13542;13995;56147;61168;157966;153550;1543305;1539334;210998;242984;12165;12642;53566;58140
2I;1084;32;3929024;1949451;1979573;1671932;1661639;209189;244756;13821;14319;54509;58859;149195;146711;1532721;1525371;202962;238274;12537;13086;52036;56131
2I;1084;33;3788989;1872491;1916498;1603511;1603867;202816;239180;13438;14428;52726;59023;140720;138421;1472199;1475268;196934;233119;12216;13261;50422;56429
2I;1084;34;3737242;1855315;1881927;1585976;1574139;205728;237171;12503;13433;51108;57184;142378;139993;1452817;1444012;199708;230961;11475;12348;48937;54613
2I;1084;35;3705283;1831514;1873769;1574115;1575691;196256;228733;12057;13273;49086;56072;129954;131174;1452605;1453843;190842;222887;11065;12252;47048;53613
2I;1084;36;3597668;1771283;1826385;1534792;1547100;178888;213036;11448;12658;46155;53591;121396;124069;1421287;1431546;173916;207705;10494;11720;44190;51345
2I;1084;37;3901650;1918745;1982905;1685145;1707501;177593;211162;10901;11873;45106;52369;118062;121746;1574614;1594072;172881;205995;9988;10938;43200;50154
2I;1084;38;2932118;1442998;1489120;1263593;1276311;133414;160815;9660;10132;36331;41862;103115;106990;1167008;1176751;129473;156307;8806;9286;34596;39786
2I;1084;39;2944268;1449954;1494314;1252798;1265637;147063;173850;9889;10209;40204;44618;103306;105666;1156454;1167512;142718;169025;9056;9423;38420;42688
2I;1084;40;2938546;1442572;1495974;1253797;1275999;141269;168226;10155;10869;37351;40880;96479;101249;1163717;1182147;137263;163579;9359;10051;35754;38948
2I;1084;41;3046191;1494937;1551254;1314520;1340633;135728;161809;9324;9919;35365;38893;89632;95526;1230577;1251780;132184;157499;8630;9210;33914;37239
2I;1084;42;2752292;1353880;1398412;1182203;1198886;130347;154796;8851;9321;32479;35409;84568;89302;1103118;1115966;126809;150639;8212;8655;31173;33850
2I;1084;43;2561195;1252742;1308453;1086691;1114859;125347;150121;8681;9035;32023;34438;81788;85416;1010366;1035555;121808;146104;8058;8419;30722;32959
2I;1084;44;2475987;1215098;1260889;1052807;1073542;124610;147848;7929;8437;29752;31062;81665;83888;976640;995640;120931;143853;7370;7858;28492;29650
2I;1084;45;2379280;1165435;1213845;1007439;1032227;121599;144092;7552;7920;28845;29606;76661;80762;936012;957418;118140;140053;7054;7358;27568;28254
2I;1084;46;2377230;1161281;1215949;1013120;1040319;113786;140344;7262;7551;27113;27735;73084;77222;944847;968538;110707;136610;6754;7050;25889;26529
2I;1084;47;2305984;1124940;1181044;975066;1006328;115352;139623;7272;7516;27250;27577;71925;76196;908098;935413;112058;136036;6800;7018;26059;26381
2I;1084;48;2131729;1039782;1091947;912557;942347;97552;119098;6271;6675;23402;23827;64845;69440;851819;877461;94872;115962;5868;6256;22378;22828
2I;1084;49;2297769;1123445;1174324;981715;1009376;110292;131662;6777;7057;24661;26229;69725;73548;916379;940676;107308;128311;6348;6587;23685;25202
2I;1084;50;2205834;1069231;1136603;935194;977620;105281;127193;6374;6701;22382;25089;63652;68612;875605;913527;102508;124063;5928;6234;21538;24167
2I;1084;51;2083945;1009810;1074135;885882;925555;97791;118530;5819;6421;20318;23629;58814;64227;830781;865575;95278;115606;5418;5998;19519;22729
2I;1084;52;2134519;1029314;1105205;905450;954004;98669;121578;5603;6278;19592;23345;57963;62587;851059;895352;96181;118840;5240;5902;18871;22524
2I;1084;53;2220451;1070249;1150202;947971;999467;98410;121888;5312;6051;18556;22796;60106;64024;891285;939374;96006;119084;4983;5679;17869;22041
2I;1084;54;2294516;1105104;1189412;978749;1034673;102294;125394;5639;6201;18422;23144;61840;67433;920572;971514;99706;122446;5260;5781;17726;22238
2I;1084;55;2248277;1076770;1171507;952851;1019955;100791;123050;5424;5986;17704;22516;57419;63639;898762;960533;98492;120097;5059;5605;17038;21633
2I;1084;56;2286332;1089054;1197278;972071;1051661;95701;118692;4916;5509;16366;21416;54821;60384;920281;995088;93608;116037;4598;5154;15746;20615
2I;1084;57;2321749;1099501;1222248;979521;1074654;98738;121024;4960;5420;16282;21150;53006;59311;929678;1019178;96529;118331;4641;5077;15647;20351
2I;1084;58;2178977;1023153;1155824;914636;1021780;88816;109636;4629;4879;15072;19529;47499;54457;869944;970876;86913;107229;4329;4532;14468;18730
2I;1084;59;2282257;1068133;1214124;956258;1075371;91189;113508;4793;5190;15893;20055;48514;55136;910612;1023698;89253;111169;4468;4852;15286;19269
2I;1084;60;2278008;1058518;1219490;945458;1078010;92754;117082;4572;5271;15734;19127;45900;51304;902339;1030122;90840;114688;4262;4959;15177;18417
2I;1084;61;2183735;1015442;1168293;911842;1038040;84303;107875;4353;4773;14944;17605;43357;47581;870895;993645;82658;105689;4083;4460;14449;16918
2I;1084;62;2145072;994813;1150259;894577;1022954;81329;105447;4292;4631;14615;17227;40111;45270;856727;980643;79770;103375;4052;4358;14153;16613
2I;1084;63;2150765;1002492;1148273;909357;1028785;75894;99514;3853;4240;13388;15734;37703;42993;873653;988448;74542;97625;3632;4017;12962;15190
2I;1084;64;2081993;959383;1122610;867389;1003094;75269;99401;3707;4278;13018;15837;35544;42244;833857;963720;73896;97394;3497;4043;12589;15209
2I;1084;65;1982356;903552;1078804;812815;960253;75430;99895;3485;3936;11822;14720;31618;38162;783146;924802;74030;97953;3306;3729;11452;14158
2I;1084;66;1916022;867003;1049019;784735;940553;68602;91639;2908;3555;10758;13272;28152;35162;758257;907685;67431;90005;2756;3376;10407;12791
2I;1084;67;1879833;841603;1038230;760001;929540;68139;92115;2884;3442;10579;13133;26231;33721;735543;898114;66906;90470;2696;3259;10227;12666
2I;1084;68;1745067;770458;974609;695876;874452;61699;84884;2755;3221;10128;12052;23242;30802;674195;845662;60663;83480;2585;3051;9773;11614
2I;1084;69;1721236;747124;974112;670529;868668;63802;90154;2715;3448;10078;11842;23177;31530;648903;839326;62694;88583;2595;3283;9755;11390
2I;1084;70;1639224;704929;934295;634338;835943;58697;84505;2392;3206;9502;10641;21672;29825;614113;808088;57747;83093;2291;3043;9106;10246
2I;1084;71;1574747;669614;905133;606632;815967;51963;76306;2308;3071;8711;9789;20969;29328;587010;788501;51135;74990;2181;2916;8319;9398
2I;1084;72;1485104;624280;860824;565015;775419;48794;73574;2222;2809;8249;9022;19301;27264;547067;749896;47997;72341;2100;2666;7815;8657
2I;1084;73;1397739;579582;818157;526854;739693;43434;67687;2009;2612;7285;8165;18499;26152;509591;715028;42707;66642;1880;2480;6905;7855
2I;1084;74;1349005;549082;799923;497022;723051;42874;66415;1863;2627;7323;7830;17696;25169;480573;699370;42169;65336;1759;2510;6885;7538
2I;1084;75;1259228;505586;753642;456904;681851;40387;62419;1605;2404;6690;6968;15869;22326;442065;660855;39801;61448;1518;2288;6333;6725
2I;1084;76;1161887;456395;705492;412290;640031;36547;57139;1557;2233;6001;6089;14487;20549;398781;620612;35964;56351;1476;2126;5687;5854
2I;1084;77;1083100;415706;667394;374993;605788;33615;53886;1488;2096;5610;5624;13643;19350;362301;587484;33078;53128;1417;2007;5267;5425
2I;1084;78;994544;374854;619690;339013;564830;29629;47972;1262;1882;4950;5006;12540;17858;327299;547924;29132;47268;1205;1809;4678;4831
2I;1084;79;914959;337190;577769;303641;524902;27901;46530;1156;1725;4492;4612;11609;16765;292802;509026;27448;45900;1090;1652;4241;4426
2I;1084;80;813583;292282;521301;263340;474962;24297;40891;1041;1468;3604;3980;10114;14643;253897;461018;23890;40399;974;1394;3407;3847
2I;1084;81;724795;253048;471747;231547;435450;17697;31606;835;1231;2969;3460;8915;12891;223170;423191;17377;31149;791;1183;2795;3333
2I;1084;82;649400;223699;425701;204458;392532;16144;29133;692;1083;2405;2953;7702;11076;197203;381992;15866;28735;655;1042;2273;2856
2I;1084;83;590704;198368;392336;181545;362061;14107;26675;576;964;2140;2636;7221;10958;174737;351606;13855;26305;541;923;2014;2544
2I;1084;84;533571;174093;359478;158795;330928;12851;25077;552;916;1895;2557;6273;9855;152904;321538;12608;24719;514;875;1794;2491
2I;1084;85;465678;148437;317241;134528;292452;11600;21896;529;749;1780;2144;4546;6937;130300;285846;11372;21639;515;718;1704;2101
2I;1084;86;398653;123482;275171;112122;254434;9518;18272;444;673;1398;1792;3528;5592;108862;249115;9332;18053;425;643;1335;1768
2I;1084;87;340999;101923;239076;92359;221162;8017;15846;383;580;1164;1488;2858;4785;89774;216633;7835;15645;358;543;1098;1470
2I;1084;88;281141;80709;200432;73233;185706;6273;13053;313;480;890;1193;2569;4267;70942;181649;6061;12890;297;450;840;1176
2I;1084;89;250767;70511;180256;62942;165366;6681;13442;300;464;588;984;2252;3700;60936;161850;6510;13306;277;433;536;967
2I;1084;90;200945;55519;145426;50117;134142;4880;10211;213;383;309;690;1763;2911;48535;131386;4747;10099;197;352;277;678
2I;1084;91;162593;43337;119256;39665;110383;3286;7962;142;278;244;633;1351;2447;38422;108069;3207;7861;127;265;230;614
2I;1084;92;133280;35038;98242;32122;90575;2595;6882;112;236;209;549;1069;2025;31113;88651;2551;6812;103;221;202;533
2I;1084;93;108088;28352;79736;25812;73306;2225;5753;96;185;219;492;821;1634;25032;71760;2203;5691;91;175;205;476
2I;1084;94;83818;21383;62435;19399;57223;1692;4537;75;167;217;508;622;1281;18809;56007;1674;4500;70;158;208;489
2I;1084;95;59027;14046;44981;12648;41240;1091;3244;75;113;232;384;428;946;12243;40343;1081;3209;71;106;223;377
2I;1084;96;43023;10137;32886;9002;30112;871;2405;60;89;204;280;314;682;8708;29472;861;2378;57;81;197;273
2I;1084;97;32071;7669;24402;6664;22151;786;1983;58;63;161;205;211;516;6463;21672;782;1960;56;59;157;195
2I;1084;98;22353;5238;17115;4574;15481;579;1445;24;51;61;138;150;367;4437;15154;574;1415;21;46;56;133
2I;1084;99;16526;3929;12597;3427;11334;496;1169;2;24;4;70;131;279;3310;11085;488;1145;0;22;0;66
2I;1084;100;22861;3708;19153;2508;16594;1069;2459;37;34;94;66;295;599;2269;16061;1032;2412;32;26;80;55
2I;185;999;236938281;115230930;121707351;98317967;103101495;13427173;14978398;834153;852972;2651637;2774486;9077227;8919801;89849191;94799997;13032342;14574772;757117;778570;2515053;2634211
2I;185;0;3622443;1852865;1769578;1511545;1435600;271909;266731;19156;19036;50255;48211;199555;191084;1325814;1257868;262933;258077;17388;17297;47175;45252
2I;185;1;3501665;1792916;1708749;1463935;1386416;260103;255789;18971;18285;49907;48259;192880;183811;1284075;1215249;251658;247537;17326;16693;46977;45459
2I;185;2;3548930;1814302;1734628;1476467;1405065;267248;260589;19483;18821;51104;50153;197334;188986;1292359;1228783;258600;252318;17843;17209;48166;47332
2I;185;3;3532683;1806281;1726402;1472614;1398571;266147;261071;17681;17461;49839;49299;191819;183644;1293270;1227170;257993;253130;16155;15925;47044;46533
2I;185;4;3550589;1816573;1734016;1476447;1400213;272666;267880;18806;18622;48654;47301;197334;189741;1291924;1223006;264374;259741;17116;16993;45825;44535
2I;185;5;3478113;1778041;1700072;1442967;1371585;269894;264619;17938;16860;47242;47008;196359;190140;1260239;1194592;261188;256242;15782;14785;44473;44313
2I;185;6;3319219;1696871;1622348;1380108;1311866;256346;251403;16309;15535;44108;43544;183291;175533;1209497;1148473;248298;243655;14287;13631;41498;41056
2I;185;7;3361738;1720750;1640988;1404419;1330886;257566;253494;15882;15409;42883;41199;188317;182005;1228948;1161182;249445;245637;13834;13466;40206;38698
2I;185;8;3101373;1588574;1512799;1295766;1226394;236386;232079;15536;14738;40886;39588;179754;172742;1128147;1065179;228601;224745;13642;12907;38430;37226
2I;185;9;3228781;1655069;1573712;1344947;1271383;250521;244379;16248;15931;43353;42019;184741;177835;1172578;1105117;242622;237257;14301;13994;40827;39509
2I;185;10;3282675;1685038;1597637;1370886;1293465;252182;245823;16211;15618;45759;42731;174941;166924;1207505;1137184;244812;239014;14663;14180;43117;40335
2I;185;11;3210250;1642265;1567985;1330897;1263608;250165;245162;16339;16098;44864;43117;167708;161725;1174373;1112595;243166;238482;14775;14569;42243;40614
2I;185;12;3320052;1697245;1622807;1374842;1305842;258931;255448;17444;16928;46028;44589;169170;162048;1216839;1154774;252060;248611;15812;15344;43364;42030
2I;185;13;3630629;1855136;1775493;1511658;1440710;277301;271655;18047;17555;48130;45573;171476;166441;1351561;1285216;270336;264925;16370;15935;45393;42976
2I;185;14;3804261;1949013;1855248;1601874;1518955;281509;274746;18513;17913;47117;43634;177465;170944;1436411;1359611;274061;267380;16741;16268;44335;41045
2I;185;15;3707677;1895329;1812348;1552435;1478056;277669;273068;17913;17372;47312;43852;171420;165687;1392478;1323713;270478;265947;16196;15659;44757;41342
2I;185;16;3642459;1865163;1777296;1536517;1459116;267338;261377;17107;16326;44201;40477;169154;160578;1378603;1309540;259983;254200;15562;14824;41861;38154
2I;185;17;3670638;1881383;1789255;1543882;1461683;275824;270800;17220;16185;44457;40587;175093;163182;1380843;1309900;267849;263243;15609;14712;41989;38218
2I;185;18;3703430;1881999;1821431;1545380;1489418;275329;276012;17026;16369;44264;39632;177031;164454;1380943;1337013;266971;267860;15398;14889;41656;37215
2I;185;19;4032918;2040060;1992858;1677127;1629952;294378;300557;19146;17681;49409;44668;197066;180173;1494332;1463045;284874;291632;17324;16094;46464;41914
2I;185;20;4264887;2153818;2111069;1787424;1740091;296050;306985;19618;18455;50726;45538;207654;186871;1594807;1567081;285868;297680;17767;16789;47722;42648
2I;185;21;4234795;2140266;2094529;1786465;1735502;283534;295110;19204;17782;51063;46135;215786;189731;1586045;1559580;273441;285894;17192;16143;47802;43181
2I;185;22;4231328;2132143;2099185;1791961;1746153;271573;289313;18573;17406;50036;46313;220801;191742;1586411;1568262;261562;280255;16586;15663;46783;43263
2I;185;23;4313420;2168656;2144764;1833046;1787091;268893;292426;17150;16916;49567;48331;223924;190903;1624492;1610277;258742;283112;15205;15222;46293;45250
2I;185;24;4376586;2198446;2178140;1866987;1816164;264402;293782;16778;16880;50279;51314;229342;196083;1653266;1634751;253988;284095;14884;15141;46966;48070
2I;185;25;4385105;2199919;2185186;1866914;1821077;265741;293484;16106;16093;51158;54532;222789;190856;1659542;1644255;255609;284239;14237;14578;47742;51258
2I;185;26;4326722;2166645;2160077;1843682;1802442;257500;286953;14754;15246;50709;55436;211628;185126;1646371;1631074;247884;277893;13116;13708;47646;52276
2I;185;27;4403669;2203109;2200560;1873702;1836054;261021;290944;14373;14550;54013;59012;205957;184137;1681786;1665653;251815;281995;12622;13002;50929;55773
2I;185;28;4119418;2057919;2061499;1751117;1719682;241174;270483;14087;14731;51541;56603;184639;169849;1579059;1562113;232822;262588;12575;13231;48824;53718
2I;185;29;4329031;2163588;2165443;1836131;1800593;255520;286510;14943;15703;56994;62637;193498;178741;1655910;1634692;246812;278256;13293;14217;54075;59537
2I;185;30;4232454;2108666;2123788;1794583;1771208;241697;275128;13156;13330;59230;64122;175732;166386;1630780;1616804;234000;267619;11763;12012;56391;60967
2I;185;31;4005393;1990208;2015185;1699612;1686625;219960;252443;13499;13904;57137;62213;159868;155015;1550322;1543053;213386;245471;12099;12533;54533;59113
2I;185;32;3958495;1962981;1995514;1681957;1673626;211158;247006;14014;14569;55852;60313;152629;149642;1539625;1534824;204755;240340;12691;13263;53281;57445
2I;185;33;3827947;1892614;1935333;1622101;1622301;203549;239327;13383;14245;53581;59460;142019;139764;1489757;1492530;197548;233129;12121;13076;51169;56834
2I;185;34;3747912;1861526;1886386;1589143;1574698;207685;239861;12953;13930;51745;57897;144238;141190;1454433;1443642;201464;233514;11855;12772;49536;55268
2I;185;35;3710202;1834501;1875701;1574145;1574128;197889;230858;12273;13500;50194;57215;132880;133724;1449976;1449943;192292;224865;11256;12452;48097;54717
2I;185;36;3607797;1776800;1830997;1535706;1547487;182156;216082;11594;12801;47344;54627;122394;124798;1421442;1431452;177028;210597;10609;11836;45327;52314
2I;185;37;3778788;1857267;1921521;1625370;1647817;175682;209033;11051;12106;45164;52565;119910;123301;1513215;1532978;170784;203724;10127;11165;43231;50353
2I;185;38;3253543;1603007;1650536;1409930;1422417;144315;172864;9962;10578;38800;44677;106942;110800;1309774;1319360;140225;168235;9079;9677;36987;42464
2I;185;39;2922858;1439121;1483737;1241725;1254769;146663;173352;9872;10018;40861;45598;103966;106750;1144879;1155763;142235;168383;8998;9218;39043;43623
2I;185;40;2940578;1443841;1496737;1252692;1273006;142409;170274;10356;11118;38384;42339;98590;102291;1160769;1178220;138267;165595;9516;10269;36699;40362
2I;185;41;2981310;1462559;1518751;1281362;1307141;135783;161987;9459;10056;35955;39567;90435;96450;1196772;1217566;132117;157573;8748;9317;34487;37845
2I;185;42;2871771;1413773;1457998;1239963;1256592;131529;155737;9060;9541;33221;36128;86581;91601;1158997;1171520;127958;151465;8385;8858;31852;34554
2I;185;43;2599314;1271077;1328237;1101919;1131112;127641;152511;8816;9273;32701;35341;82319;86309;1025148;1051119;124031;148380;8186;8625;31393;33804
2I;185;44;2497589;1226073;1271516;1062893;1082765;124719;148440;8047;8441;30414;31870;81977;84200;986424;1004606;121095;144428;7459;7858;29118;30424
2I;185;45;2371374;1161755;1209619;1003038;1027355;121882;144126;7614;8069;29221;30069;78080;81862;930310;951531;118309;140055;7111;7488;27945;28683
2I;185;46;2396678;1170902;1225776;1021680;1049040;114212;140847;7356;7638;27654;28251;73538;77749;953092;976884;111049;137020;6836;7120;26387;27003
2I;185;47;2330367;1137320;1193047;984749;1015405;117265;141745;7427;7663;27879;28234;73313;77417;916527;943458;113899;138007;6938;7152;26643;27013
2I;185;48;2122790;1035412;1087378;908542;938296;96742;118250;6376;6725;23752;24107;65045;69597;847721;873277;93987;115143;5960;6285;22699;23076
2I;185;49;2301514;1124767;1176747;981625;1010574;111065;132460;6782;7192;25295;26521;69656;73810;916467;941782;108034;128977;6346;6721;24264;25457
2I;185;50;2242259;1087238;1155021;952475;994538;105379;128266;6518;6764;22866;25453;65518;70305;891132;928805;102528;125120;6061;6285;21999;24506
2I;185;51;2071597;1004779;1066818;880251;918671;97799;117825;5886;6440;20843;23882;59079;64194;824910;858824;95285;114842;5474;6004;20031;22954
2I;185;52;2117315;1021411;1095904;897520;944949;98424;120990;5703;6385;19764;23580;57992;63264;843232;885765;95856;118163;5316;5988;19015;22724
2I;185;53;2201081;1060947;1140134;938527;989225;98227;121780;5351;6057;18842;23072;59664;63214;882291;929883;95821;119022;5018;5691;18153;22324
2I;185;54;2288477;1099967;1188510;973365;1033071;102267;125622;5620;6289;18715;23528;61872;67566;915243;969866;99615;122617;5245;5854;17992;22607
2I;185;55;2242860;1076637;1166223;952481;1014627;100671;122840;5501;6038;17984;22718;58221;64312;897675;954546;98320;119893;5120;5653;17301;21819
2I;185;56;2269451;1080873;1188578;963733;1042470;95580;118759;4944;5568;16616;21781;55250;61073;911563;985329;93462;116017;4619;5200;15979;20959
2I;185;57;2332886;1107071;1225815;986754;1077807;98767;121128;5024;5472;16526;21408;54073;59977;935919;1021723;96510;118396;4694;5123;15875;20596
2I;185;58;2175416;1021616;1153800;913003;1019454;88727;109567;4636;4959;15250;19820;47613;54930;868251;968150;86783;107100;4327;4609;14642;19011
2I;185;59;2261614;1058436;1203178;946368;1063851;91225;113694;4843;5119;16000;20514;48837;55364;900428;1012039;89268;111313;4524;4767;15379;19695
2I;185;60;2283766;1060892;1222874;947987;1081170;92467;116931;4585;5338;15853;19435;46157;52336;904704;1032263;90508;114540;4259;5017;15264;18718
2I;185;61;2194962;1020656;1174306;916769;1043400;84386;108134;4367;4815;15134;17957;44061;48149;875151;998479;82707;105915;4091;4505;14646;17258
2I;185;62;2119872;981821;1138051;880955;1009711;81620;106061;4357;4709;14889;17570;40333;45613;842959;967172;80021;103953;4104;4408;14404;16905
2I;185;63;2172650;1012057;1160593;918186;1039994;76261;100143;3926;4318;13684;16138;38707;43681;881545;999009;74871;98214;3701;4101;13233;15588
2I;185;64;2103953;970383;1133570;877481;1012803;75852;100291;3738;4328;13312;16148;35723;42651;843762;973034;74490;98270;3520;4081;12888;15534
2I;185;65;1990636;907968;1082668;816662;963175;75595;100368;3573;4004;12138;15121;32993;39388;785705;926613;74146;98360;3381;3788;11743;14519
2I;185;66;1908260;862987;1045273;780283;936229;68771;91948;2952;3613;10981;13483;28090;35227;753882;903336;67583;90281;2804;3432;10628;12997
2I;185;67;1897789;851411;1046378;769622;937475;68195;92167;2907;3480;10687;13256;27078;34524;744314;905253;66962;90512;2721;3295;10336;12794
2I;185;68;1753027;773454;979573;698667;879216;61758;84870;2758;3264;10271;12223;23322;31075;676965;850226;60685;83429;2579;3085;9903;11758
2I;185;69;1721180;748098;973082;671194;867262;64032;90220;2758;3391;10114;12209;23196;31363;649564;838053;62914;88669;2619;3227;9805;11770
2I;185;70;1642833;706501;936332;635755;837755;58754;84621;2396;3260;9596;10696;21727;29990;615505;809782;57761;83180;2303;3091;9205;10289
2I;185;71;1579474;671691;907783;608586;818147;51898;76474;2307;3100;8900;10062;21140;29517;588792;790526;51083;75138;2178;2941;8498;9661
2I;185;72;1489607;626103;863504;566743;777585;48808;73789;2244;2873;8308;9257;19444;27633;548656;751725;47993;72537;2122;2728;7888;8881
2I;185;73;1404648;582603;822045;529583;742942;43578;68124;2003;2651;7439;8328;18445;26122;512342;718378;42863;67026;1882;2509;7071;8010
2I;185;74;1356286;552327;803959;500022;726662;42989;66674;1938;2633;7378;7990;18009;25740;483334;702377;42240;65633;1819;2517;6925;7692
2I;185;75;1266924;508911;758013;460074;685595;40468;62817;1608;2440;6761;7161;16084;22712;445018;664262;39884;61816;1521;2321;6404;6902
2I;185;76;1168464;459260;709204;414964;643250;36676;57465;1563;2279;6057;6210;14513;20815;401437;623608;36079;56642;1479;2167;5752;5972
2I;185;77;1089311;418164;671147;377241;609054;33744;54245;1495;2136;5684;5712;13755;19562;364431;590551;33203;53492;1427;2036;5348;5506
2I;185;78;1000735;377244;623491;341209;568288;29711;48190;1272;1898;5052;5115;12579;18023;329486;551230;29212;47465;1209;1830;4758;4943
2I;185;79;921435;339521;581914;305687;528559;28097;46935;1146;1766;4591;4654;11721;16902;294734;512584;27633;46278;1090;1689;4343;4461
2I;185;80;819416;294376;525040;265264;478398;24382;41103;1054;1486;3676;4053;10187;14952;255767;464153;23974;40608;983;1413;3465;3914
2I;185;81;730538;255146;475392;233397;438726;17877;31941;846;1246;3026;3479;8998;13127;224939;426222;17556;31489;801;1199;2852;3355
2I;185;82;654061;225114;428947;205715;395360;16252;29455;701;1105;2446;3027;7909;11395;198271;384550;15960;29026;663;1057;2311;2919
2I;185;83;594524;199502;395022;182465;364361;14286;27037;584;971;2167;2653;7028;10544;175833;354289;14043;26687;552;930;2046;2572
2I;185;84;536785;175095;361690;159606;332796;12992;25368;560;952;1937;2574;6579;10544;153433;322772;12737;24971;514;910;1832;2493
2I;185;85;468895;149283;319612;135365;294570;11577;22060;530;759;1811;2223;4733;7219;130953;287680;11352;21810;513;730;1732;2173
2I;185;86;401485;124354;277131;112936;256232;9557;18424;441;677;1420;1798;3635;5726;109587;250785;9358;18202;423;643;1351;1775
2I;185;87;343282;102672;240610;92995;222498;8089;16007;397;599;1191;1506;2870;4820;90375;217940;7921;15802;372;560;1134;1488
2I;185;88;282646;81114;201532;73576;186696;6301;13128;321;491;916;1217;2580;4264;71289;182650;6079;12959;306;458;860;1201
2I;185;89;250838;69897;180941;62404;165999;6578;13467;291;464;624;1011;2214;3757;60419;162422;6415;13338;274;432;575;992
2I;185;90;201085;55331;145754;49906;134503;4883;10183;221;376;321;692;1769;2923;48322;131734;4750;10069;202;347;288;681
2I;185;91;163202;43343;119859;39638;110976;3323;7976;142;278;240;629;1361;2451;38391;108653;3242;7877;127;268;222;610
2I;185;92;134185;35194;98991;32271;91269;2620;6946;105;233;198;543;1080;2046;31249;89330;2574;6869;99;218;192;528
2I;185;93;109357;28630;80727;26061;74202;2260;5838;96;188;213;499;848;1663;25262;72624;2232;5783;90;179;198;478
2I;185;94;85048;21630;63418;19632;58109;1718;4625;74;172;206;512;622;1298;19039;56879;1702;4585;69;165;198;491
2I;185;95;60114;14327;45787;12905;41984;1107;3295;77;118;238;390;441;968;12492;41065;1094;3257;71;113;229;384
2I;185;96;43582;10195;33387;9071;30591;865;2427;55;81;204;288;315;694;8771;29935;858;2401;53;75;198;282
2I;185;97;32589;7763;24826;6753;22544;785;2001;66;64;159;217;218;522;6547;22058;780;1980;64;59;154;207
2I;185;98;22839;5373;17466;4697;15812;583;1459;22;55;71;140;158;380;4553;15476;579;1426;18;50;65;134
2I;185;99;17156;4122;13034;3605;11717;513;1206;1;31;3;80;133;290;3483;11455;506;1184;0;28;0;77
2I;185;100;23728;3890;19838;2681;17222;1078;2511;38;37;93;68;315;624;2428;16674;1036;2456;32;29;79;55