date;dY_prod;dY_inc;dY;dhours;dLP;dk;dLQ_BLS_interpolated;dLQ_Aaronson_Sullivan;dLQ;alpha;dtfp;dutil;dtfp_util;relativePrice;invShare;dtfp_I;dtfp_C;du_invest;du_consumption;dtfp_I_util;dtfp_C_util
1947:Q1;;;;;;;;;;0.33;;;;;0.19;;;;;;
1947:Q2;1.22;1.73;1.48;-0.52;2.00;5.13;0.51;;0.51;0.33;-0.18;1.14;-1.32;-4.47;0.19;-3.80;0.67;0.41;1.31;-4.20;-0.64
1947:Q3;-0.94;0.77;-0.08;3.09;-3.17;3.94;0.49;;0.49;0.33;-3.78;-5.41;1.63;5.97;0.19;1.07;-4.90;-9.27;-4.51;10.34;-0.39
1947:Q4;8.27;5.46;6.86;3.03;3.84;3.15;0.46;;0.46;0.33;3.48;5.17;-1.69;5.19;0.19;7.68;2.49;13.18;3.26;-5.51;-0.78
1948:Q1;7.17;12.80;9.98;-2.07;12.05;3.72;0.44;;0.44;0.33;9.86;-2.33;12.19;4.60;0.19;13.57;8.97;-6.29;-1.39;19.86;10.35
1948:Q2;8.23;11.24;9.74;0.19;9.55;4.32;0.33;;0.33;0.33;7.98;-0.59;8.57;-4.17;0.19;4.59;8.76;-7.82;1.08;12.41;7.68
1948:Q3;1.69;-0.57;0.56;3.65;-3.09;4.55;0.21;;0.21;0.33;-3.52;-4.87;1.35;-8.89;0.19;-10.71;-1.83;-0.38;-5.93;-10.33;4.10
1948:Q4;-0.30;1.40;0.55;-2.57;3.12;4.75;0.09;;0.09;0.32;0.69;-2.16;2.84;-4.85;0.19;-3.23;1.62;0.56;-2.81;-3.79;4.43
1949:Q1;-6.89;-9.67;-8.28;-5.67;-2.61;4.75;-0.03;;-0.03;0.32;-5.96;-4.10;-1.86;-2.37;0.19;-7.88;-5.51;-8.43;-3.08;0.56;-2.43
1949:Q2;-2.00;-1.85;-1.92;-3.63;1.70;3.33;0.25;;0.25;0.32;-0.72;-6.94;6.22;-2.85;0.20;-3.00;-0.15;-12.58;-5.54;9.58;5.39
1949:Q3;4.78;2.65;3.71;-6.60;10.31;2.40;0.53;;0.53;0.33;7.03;3.49;3.53;0.21;0.20;7.19;6.98;11.55;1.51;-4.35;5.48
1949:Q4;-4.19;-7.15;-5.67;-5.15;-0.52;2.27;0.81;;0.81;0.33;-3.51;-3.64;0.13;0.59;0.20;-3.04;-3.63;-13.48;-1.12;10.45;-2.50
1950:Q1;18.83;19.28;19.05;1.23;17.83;1.64;1.09;;1.09;0.34;16.96;8.76;8.20;-1.36;0.20;15.88;17.23;22.55;5.30;-6.67;11.93
1950:Q2;13.32;18.38;15.85;8.83;7.02;2.48;0.84;;0.84;0.34;8.62;9.15;-0.53;-2.79;0.20;6.40;9.19;21.38;6.03;-14.98;3.16
1950:Q3;16.46;16.35;16.40;10.17;6.23;3.25;0.59;;0.59;0.34;8.21;8.22;-0.01;2.63;0.23;10.24;7.60;10.22;7.62;0.01;-0.02
1950:Q4;4.38;4.26;4.32;2.43;1.90;4.05;0.34;;0.34;0.34;1.12;0.36;0.75;-1.12;0.21;0.23;1.35;-3.54;1.39;3.77;-0.04
1951:Q1;3.88;0.02;1.95;4.09;-2.14;4.78;0.09;;0.09;0.34;-2.44;0.49;-2.92;-0.16;0.21;-2.57;-2.40;-2.51;1.26;-0.06;-3.67
1951:Q2;3.85;3.94;3.90;2.07;1.83;3.99;0.12;;0.12;0.34;1.10;2.93;-1.83;-0.23;0.19;0.92;1.14;1.39;3.28;-0.47;-2.13
1951:Q3;6.45;4.98;5.71;-4.78;10.50;4.32;0.14;;0.14;0.33;7.37;-3.72;11.09;0.46;0.18;7.75;7.29;-6.00;-3.20;13.75;10.49
1951:Q4;0.20;3.46;1.83;1.37;0.46;3.79;0.16;;0.16;0.33;-0.44;0.65;-1.09;0.87;0.18;0.27;-0.60;0.24;0.74;0.03;-1.34
1952:Q1;3.72;1.67;2.69;1.81;0.88;3.11;0.18;;0.18;0.32;0.34;5.27;-4.93;-3.18;0.18;-2.25;0.92;5.36;5.26;-7.61;-4.33
1952:Q2;-0.81;0.98;0.08;-4.17;4.25;3.20;0.35;;0.35;0.32;1.67;-6.10;7.77;3.86;0.19;4.80;0.95;-11.51;-4.86;16.32;5.80
1952:Q3;2.25;3.26;2.76;1.30;1.46;2.73;0.52;;0.52;0.31;0.65;3.85;-3.19;0.85;0.17;1.36;0.51;0.22;4.58;1.14;-4.07
1952:Q4;15.99;15.04;15.51;9.65;5.87;2.43;0.69;;0.69;0.31;7.64;7.54;0.10;7.51;0.18;13.77;6.26;20.90;4.54;-7.12;1.72
1953:Q1;8.41;7.96;8.19;2.00;6.18;3.12;0.85;;0.85;0.31;5.25;-3.84;9.09;-3.28;0.19;2.59;5.87;-3.89;-3.83;6.48;9.71
1953:Q2;2.76;2.28;2.52;-0.55;3.07;3.42;0.85;;0.85;0.31;1.26;-3.29;4.55;-0.62;0.19;0.75;1.37;-2.83;-3.40;3.59;4.77
1953:Q3;-3.68;-4.08;-3.88;-3.52;-0.36;3.37;0.86;;0.86;0.31;-3.06;-8.29;5.23;3.25;0.19;-0.43;-3.68;-9.85;-7.92;9.42;4.24
1953:Q4;-7.57;-10.13;-8.85;-6.68;-2.17;3.39;0.86;;0.86;0.31;-5.85;-8.07;2.22;0.83;0.19;-5.17;-6.01;-12.83;-6.96;7.66;0.95
1954:Q1;-2.50;1.00;-0.75;-2.51;1.76;2.85;0.87;;0.87;0.31;-0.48;-5.77;5.29;-3.29;0.18;-3.16;0.13;-7.19;-5.44;4.04;5.57
1954:Q2;-0.08;0.30;0.11;-5.56;5.67;2.44;0.66;;0.66;0.31;2.75;-0.40;3.15;4.28;0.19;6.23;1.95;-0.62;-0.35;6.86;2.30
1954:Q3;4.74;3.62;4.18;-1.53;5.70;2.12;0.45;;0.45;0.31;4.26;0.42;3.84;5.72;0.19;8.92;3.19;0.87;0.31;8.05;2.88
1954:Q4;8.53;9.26;8.89;2.78;6.11;2.33;0.24;;0.24;0.32;6.09;4.19;1.90;1.12;0.19;7.00;5.88;9.19;3.03;-2.19;2.85
1955:Q1;13.42;12.95;13.18;7.36;5.82;2.45;0.04;;0.04;0.33;7.41;9.02;-1.61;0.92;0.19;8.15;7.23;17.34;7.06;-9.18;0.17
1955:Q2;7.85;9.71;8.78;4.18;4.60;2.89;0.06;;0.06;0.33;4.99;3.63;1.36;-1.25;0.20;3.99;5.24;3.27;3.72;0.72;1.51
1955:Q3;5.46;5.39;5.43;6.04;-0.61;3.43;0.08;;0.08;0.33;0.21;-1.34;1.55;-2.37;0.21;-1.68;0.70;-2.36;-1.08;0.68;1.78
1955:Q4;1.84;2.67;2.25;4.46;-2.21;3.70;0.10;;0.10;0.33;-2.02;3.65;-5.68;-1.55;0.20;-3.25;-1.71;1.80;4.13;-5.06;-5.84
1956:Q1;-2.47;-0.09;-1.28;-1.07;-0.21;3.96;0.13;;0.13;0.32;-1.92;-4.06;2.14;0.05;0.20;-1.88;-1.93;-12.81;-1.90;10.93;-0.03
1956:Q2;3.42;4.41;3.92;1.12;2.80;3.61;0.22;;0.22;0.32;1.85;-4.61;6.46;0.39;0.20;2.17;1.78;-7.60;-3.87;9.77;5.64
1956:Q3;-1.71;-0.74;-1.22;-1.65;0.43;3.56;0.30;;0.30;0.32;-1.43;0.72;-2.15;-3.00;0.20;-3.83;-0.83;5.17;-0.38;-9.00;-0.45
1956:Q4;7.20;7.68;7.44;-1.09;8.53;3.53;0.39;;0.39;0.31;6.81;3.92;2.89;-3.91;0.20;3.69;7.59;9.45;2.53;-5.77;5.07
1957:Q1;2.44;0.47;1.46;-0.20;1.66;3.46;0.48;;0.48;0.32;0.17;-3.66;3.84;-0.45;0.20;-0.18;0.26;-6.47;-2.95;6.29;3.22
1957:Q2;-2.09;-1.46;-1.78;-2.19;0.41;3.38;0.48;;0.48;0.32;-1.67;-7.59;5.92;-0.90;0.20;-2.39;-1.49;-15.16;-5.69;12.77;4.20
1957:Q3;3.73;1.00;2.37;-0.33;2.69;3.30;0.48;;0.48;0.31;1.22;-3.12;4.35;2.18;0.20;2.97;0.79;-3.36;-3.07;6.33;3.85
1957:Q4;-5.27;-5.81;-5.54;-9.45;3.91;3.51;0.48;;0.48;0.31;-0.47;-9.32;8.85;-0.98;0.20;-1.25;-0.27;-11.25;-8.83;10.00;8.56
1958:Q1;-13.63;-11.71;-12.67;-10.82;-1.86;2.95;0.48;;0.48;0.31;-6.45;-7.81;1.37;-1.99;0.19;-8.05;-6.07;-16.37;-5.78;8.32;-0.28
1958:Q2;1.87;0.03;0.95;-3.71;4.66;2.22;0.34;;0.34;0.31;2.59;1.74;0.85;1.16;0.19;3.54;2.38;5.60;0.86;-2.06;1.51
1958:Q3;10.20;10.24;10.22;2.98;7.24;1.89;0.20;;0.20;0.31;7.44;7.52;-0.08;0.93;0.18;8.20;7.27;9.11;7.17;-0.90;0.11
1958:Q4;10.87;10.80;10.84;6.15;4.69;2.04;0.06;;0.06;0.32;5.95;4.99;0.96;0.77;0.18;6.58;5.81;8.55;4.19;-1.97;1.62
1959:Q1;9.38;10.30;9.84;6.11;3.73;2.39;-0.09;;-0.09;0.32;4.98;9.01;-4.03;-4.39;0.19;1.43;5.82;15.81;7.41;-14.38;-1.59
1959:Q2;10.32;12.73;11.52;9.34;2.18;2.58;0.11;;0.11;0.33;4.31;4.29;0.02;-1.24;0.19;3.31;4.55;5.01;4.12;-1.70;0.43
1959:Q3;-0.74;-5.16;-2.95;-3.74;0.79;2.95;0.30;;0.30;0.33;-1.60;-5.24;3.65;0.96;0.20;-0.82;-1.79;-7.68;-4.64;6.86;2.86
1959:Q4;0.16;2.09;1.13;-0.35;1.48;2.86;0.49;;0.49;0.32;0.11;-3.51;3.62;1.18;0.19;1.07;-0.12;-9.08;-2.19;10.14;2.07
1960:Q1;9.85;9.76;9.81;-1.05;10.86;2.92;0.68;;0.68;0.32;9.13;2.83;6.30;0.92;0.19;9.88;8.96;16.12;-0.33;-6.24;9.29
1960:Q2;-4.57;-1.95;-3.26;3.92;-7.19;3.30;0.60;;0.60;0.31;-7.40;-6.72;-0.69;1.17;0.20;-6.47;-7.64;-16.35;-4.35;9.89;-3.29
1960:Q3;1.59;-0.75;0.42;-0.59;1.01;2.92;0.52;;0.52;0.31;-0.44;-2.58;2.14;1.70;0.19;0.94;-0.76;-3.83;-2.28;4.77;1.51
1960:Q4;-7.74;-4.05;-5.90;-4.57;-1.33;2.63;0.43;;0.43;0.31;-3.86;-7.08;3.21;2.53;0.19;-1.82;-4.35;-11.77;-5.97;9.95;1.62
1961:Q1;2.28;-0.09;1.10;-2.19;3.28;2.04;0.35;;0.35;0.31;1.72;2.33;-0.61;0.62;0.18;2.23;1.61;-3.63;3.66;5.86;-2.05
1961:Q2;8.10;7.99;8.05;-4.62;12.66;2.03;0.59;;0.59;0.31;10.17;7.63;2.54;-0.46;0.18;9.80;10.26;14.49;6.08;-4.70;4.17
1961:Q3;8.34;6.87;7.61;2.84;4.76;2.44;0.82;;0.82;0.32;4.33;1.83;2.50;-0.08;0.18;4.27;4.34;-2.25;2.75;6.52;1.60
1961:Q4;7.72;9.75;8.73;3.89;4.84;2.71;1.06;;1.06;0.32;4.50;7.77;-3.27;1.53;0.19;5.74;4.21;23.40;4.14;-17.66;0.07
1962:Q1;7.87;4.99;6.43;4.10;2.33;2.95;1.29;;1.29;0.32;1.82;-1.96;3.77;2.13;0.19;3.55;1.42;-2.60;-1.81;6.15;3.22
1962:Q2;3.42;4.46;3.94;2.11;1.83;3.23;0.96;;0.96;0.32;0.82;2.44;-1.62;0.81;0.19;1.47;0.67;4.10;2.04;-2.63;-1.38
1962:Q3;5.12;4.03;4.58;-2.11;6.69;3.25;0.64;;0.64;0.32;4.53;-0.37;4.89;-0.10;0.19;4.44;4.55;0.31;-0.53;4.13;5.07
1962:Q4;0.79;4.98;2.89;-2.81;5.69;3.33;0.32;;0.32;0.32;3.49;-1.19;4.68;1.68;0.19;4.84;3.16;-1.92;-1.01;6.77;4.18
1963:Q1;4.66;3.71;4.19;3.00;1.18;3.14;0.00;;0.00;0.33;1.14;1.79;-0.65;2.14;0.20;2.86;0.72;0.44;2.12;2.42;-1.40
1963:Q2;4.59;6.19;5.39;2.51;2.87;3.26;0.03;;0.03;0.33;2.61;2.30;0.31;-0.61;0.20;2.12;2.73;1.13;2.58;0.99;0.15
1963:Q3;9.83;5.61;7.72;-0.15;7.87;3.26;0.06;;0.06;0.33;6.71;1.04;5.67;-0.50;0.20;6.31;6.81;1.49;0.93;4.82;5.88
1963:Q4;2.62;3.65;3.14;2.14;1.00;3.43;0.08;;0.08;0.33;0.52;0.81;-0.29;1.28;0.20;1.54;0.26;3.19;0.22;-1.65;0.04
1964:Q1;9.70;7.47;8.59;5.08;3.50;3.49;0.11;;0.11;0.33;3.95;-2.07;6.03;0.52;0.20;4.37;3.85;-3.35;-1.75;7.72;5.60
1964:Q2;4.23;6.23;5.23;3.54;1.69;3.58;0.05;;0.05;0.33;1.64;4.57;-2.93;1.03;0.20;2.46;1.43;8.63;3.54;-6.17;-2.11
1964:Q3;6.90;6.16;6.53;2.20;4.33;3.66;-0.02;;-0.02;0.33;3.86;0.25;3.61;2.49;0.21;5.84;3.35;2.07;-0.22;3.77;3.57
1964:Q4;0.54;3.85;2.20;2.54;-0.34;3.87;-0.08;;-0.08;0.33;-0.73;0.13;-0.86;2.60;0.20;1.34;-1.26;-5.27;1.50;6.61;-2.76
1965:Q1;11.62;10.68;11.15;4.89;6.26;3.90;-0.15;;-0.15;0.34;6.69;7.22;-0.53;1.46;0.21;7.84;6.38;18.02;4.31;-10.18;2.07
1965:Q2;5.07;5.11;5.09;5.18;-0.09;4.86;-0.13;;-0.13;0.34;0.11;-1.10;1.21;2.98;0.21;2.46;-0.52;-4.62;-0.16;7.08;-0.36
1965:Q3;9.58;5.50;7.54;-0.68;8.22;4.79;-0.12;;-0.12;0.34;6.43;-1.94;8.37;2.11;0.21;8.09;5.98;-7.13;-0.53;15.23;6.52
1965:Q4;9.95;9.36;9.65;4.15;5.50;5.02;-0.10;;-0.10;0.34;5.27;2.68;2.59;4.58;0.21;8.87;4.29;6.43;1.66;2.45;2.63
1966:Q1;11.00;9.81;10.41;3.94;6.46;5.09;-0.08;;-0.08;0.34;6.13;2.86;3.27;2.91;0.22;8.41;5.50;3.42;2.71;5.00;2.79
1966:Q2;0.35;1.99;1.17;2.86;-1.69;5.74;0.03;;0.03;0.34;-2.68;-0.64;-2.04;2.68;0.22;-0.58;-3.25;-2.94;-0.01;2.36;-3.25
1966:Q3;2.19;1.41;1.80;0.77;1.03;5.75;0.15;;0.15;0.33;-0.73;-1.69;0.96;2.30;0.22;1.07;-1.23;-4.14;-1.01;5.21;-0.22
1966:Q4;2.34;2.64;2.49;-0.88;3.37;5.92;0.26;;0.26;0.33;0.95;-2.81;3.76;1.54;0.22;2.15;0.61;-6.38;-1.82;8.53;2.43
1967:Q1;3.29;1.72;2.50;-0.26;2.76;6.01;0.38;;0.38;0.33;0.45;-7.34;7.79;1.02;0.21;1.26;0.24;-15.02;-5.30;16.27;5.54
1967:Q2;-0.58;1.94;0.68;-3.98;4.66;5.38;0.15;;0.15;0.33;1.50;-2.99;4.49;-0.09;0.22;1.43;1.52;-3.29;-2.91;4.72;4.43
1967:Q3;3.35;3.86;3.61;2.47;1.13;4.75;-0.07;;-0.07;0.33;0.44;2.07;-1.63;-0.01;0.21;0.43;0.44;7.70;0.55;-7.27;-0.11
1967:Q4;2.73;3.99;3.36;1.81;1.55;4.55;-0.30;;-0.30;0.33;0.86;-2.74;3.60;0.10;0.21;0.94;0.84;-8.60;-1.15;9.54;1.99
1968:Q1;8.95;6.16;7.55;0.35;7.20;4.51;-0.52;;-0.52;0.33;6.20;0.35;5.85;2.43;0.22;8.10;5.67;9.50;-2.20;-1.40;7.87
1968:Q2;7.14;6.39;6.77;3.07;3.70;4.69;-0.28;;-0.28;0.33;3.36;0.83;2.52;2.11;0.21;5.01;2.90;2.54;0.37;2.48;2.54
1968:Q3;2.89;5.80;4.35;2.22;2.13;4.85;-0.03;;-0.03;0.32;1.30;1.95;-0.65;-0.58;0.22;0.85;1.42;0.89;2.25;-0.04;-0.82
1968:Q4;1.57;3.03;2.30;2.35;-0.05;4.71;0.22;;0.22;0.32;-0.96;1.05;-2.00;1.97;0.22;0.58;-1.39;1.94;0.80;-1.36;-2.19
1969:Q1;6.94;3.95;5.45;5.68;-0.24;4.87;0.46;;0.46;0.32;-0.30;0.35;-0.65;2.34;0.22;1.53;-0.82;-5.15;1.92;6.68;-2.73
1969:Q2;0.46;2.04;1.25;0.84;0.41;5.24;0.52;;0.52;0.31;-1.32;1.64;-2.96;3.21;0.22;1.18;-2.03;-0.46;2.24;1.64;-4.27
1969:Q3;2.48;2.55;2.51;1.18;1.33;5.16;0.58;;0.58;0.31;-0.30;0.48;-0.77;1.74;0.22;1.06;-0.68;0.93;0.35;0.12;-1.03
1969:Q4;-3.09;-1.68;-2.39;-1.95;-0.44;5.44;0.64;;0.64;0.30;-3.12;-2.39;-0.73;1.83;0.22;-1.69;-3.52;-5.13;-1.62;3.44;-1.91
1970:Q1;-0.30;-3.01;-1.65;-2.13;0.48;5.04;0.71;;0.71;0.30;-2.15;-6.66;4.52;1.38;0.22;-1.07;-2.44;-12.05;-5.17;10.98;2.73
1970:Q2;0.69;0.02;0.35;-3.93;4.29;4.92;0.36;;0.36;0.29;1.43;-5.73;7.16;3.38;0.22;4.08;0.70;-5.18;-5.88;9.26;6.58
1970:Q3;4.32;3.88;4.10;-2.66;6.76;4.88;0.02;;0.02;0.29;4.53;-1.06;5.59;-0.93;0.22;3.79;4.73;1.34;-1.72;2.46;6.45
1970:Q4;-6.38;-5.76;-6.07;-3.87;-2.20;4.63;-0.32;;-0.32;0.30;-4.50;-4.04;-0.46;-0.83;0.21;-5.15;-4.33;-8.57;-2.86;3.42;-1.46
1971:Q1;13.32;9.58;11.45;1.93;9.52;3.84;-0.66;;-0.66;0.30;9.41;4.46;4.94;-0.82;0.21;8.76;9.58;13.10;2.14;-4.34;7.45
1971:Q2;2.54;3.17;2.86;2.36;0.50;4.05;-0.41;;-0.41;0.31;0.27;0.08;0.19;2.72;0.21;2.41;-0.32;-4.01;1.20;6.41;-1.51
1971:Q3;3.77;3.92;3.85;-1.09;4.93;4.07;-0.16;;-0.16;0.31;3.45;-5.29;8.74;4.50;0.21;6.98;2.49;-11.29;-3.65;18.28;6.13
1971:Q4;0.71;6.08;3.40;4.05;-0.66;3.64;0.09;;0.09;0.31;-0.59;5.14;-5.73;4.08;0.22;2.58;-1.49;16.03;2.06;-13.45;-3.55
1972:Q1;9.51;7.49;8.50;4.97;3.53;3.38;0.35;;0.35;0.31;3.78;2.23;1.55;2.33;0.22;5.60;3.27;7.37;0.78;-1.77;2.49
1972:Q2;11.42;6.36;8.89;2.01;6.88;4.09;0.11;;0.11;0.31;6.16;3.36;2.80;-0.46;0.22;5.80;6.26;9.92;1.52;-4.11;4.74
1972:Q3;4.24;7.80;6.02;3.08;2.94;4.55;-0.12;;-0.12;0.31;2.57;0.13;2.44;2.02;0.22;4.15;2.13;1.39;-0.23;2.76;2.36
1972:Q4;7.92;12.55;10.24;3.61;6.63;4.91;-0.36;;-0.36;0.31;6.47;2.89;3.59;5.70;0.23;10.88;5.18;6.90;1.71;3.98;3.47
1973:Q1;12.71;9.18;10.94;5.31;5.63;5.38;-0.59;;-0.59;0.31;6.02;1.74;4.28;3.43;0.23;8.65;5.23;2.85;1.40;5.81;3.82
1973:Q2;5.29;2.54;3.91;4.31;-0.39;5.60;-0.17;;-0.17;0.31;-0.67;1.70;-2.37;3.86;0.23;2.30;-1.55;-0.31;2.29;2.61;-3.84
1973:Q3;-3.30;1.09;-1.11;2.28;-3.38;5.80;0.25;;0.25;0.31;-4.63;-0.64;-3.99;6.67;0.23;0.52;-6.15;-4.12;0.38;4.64;-6.53
1973:Q4;3.99;4.51;4.25;2.36;1.89;5.43;0.67;;0.67;0.30;0.50;-0.62;1.11;6.42;0.22;5.50;-0.92;-3.34;0.16;8.84;-1.08
1974:Q1;-5.78;-5.42;-5.60;-0.05;-5.55;5.41;1.08;;1.08;0.30;-7.93;-4.79;-3.14;5.31;0.22;-3.79;-9.10;-9.59;-3.44;5.80;-5.66
1974:Q2;0.58;-2.67;-1.04;-0.78;-0.27;4.97;0.79;;0.79;0.30;-2.52;-5.69;3.17;-0.65;0.22;-3.02;-2.37;-13.39;-3.51;10.37;1.14
1974:Q3;-5.57;-3.46;-4.51;-2.24;-2.27;4.72;0.49;;0.49;0.30;-4.68;1.77;-6.45;-1.84;0.23;-6.11;-4.27;8.04;-0.06;-14.15;-4.21
1974:Q4;-2.79;-7.02;-4.90;-5.99;1.09;4.56;0.19;;0.19;0.30;-2.24;-7.85;5.61;-2.81;0.21;-4.45;-1.64;-8.95;-7.55;4.51;5.91
1975:Q1;-7.40;-7.04;-7.22;-12.93;5.71;4.08;-0.10;;-0.10;0.31;0.49;-9.42;9.91;-1.96;0.21;-1.05;0.91;-17.30;-7.27;16.25;8.18
1975:Q2;3.17;3.79;3.48;-3.27;6.75;3.02;-0.17;;-0.17;0.32;4.86;0.66;4.21;-5.01;0.21;0.93;5.94;2.39;0.18;-1.46;5.76
1975:Q3;8.41;10.03;9.22;4.07;5.15;2.48;-0.23;;-0.23;0.32;5.82;7.43;-1.62;2.60;0.22;7.85;5.25;12.09;6.14;-4.24;-0.89
1975:Q4;6.75;5.04;5.90;5.73;0.16;2.54;-0.29;;-0.29;0.32;1.39;5.76;-4.37;0.31;0.22;1.64;1.33;9.16;4.81;-7.52;-3.49
1976:Q1;11.44;10.57;11.01;5.72;5.29;2.64;-0.36;;-0.36;0.32;6.52;6.10;0.43;-1.91;0.22;5.04;6.95;11.41;4.60;-6.38;2.35
1976:Q2;3.52;2.97;3.25;0.91;2.33;2.98;-0.26;;-0.26;0.32;1.84;-1.49;3.33;-0.74;0.22;1.27;2.01;-3.95;-0.79;5.22;2.80
1976:Q3;2.41;3.55;2.98;1.86;1.12;3.26;-0.17;;-0.17;0.32;0.78;1.09;-0.31;0.32;0.22;1.03;0.71;2.30;0.74;-1.27;-0.03
1976:Q4;3.39;1.26;2.32;0.88;1.44;3.37;-0.08;;-0.08;0.32;0.68;-3.28;3.96;0.29;0.23;0.91;0.62;-5.57;-2.61;6.48;3.23
1977:Q1;6.39;6.04;6.22;3.97;2.25;3.32;0.02;;0.02;0.33;2.45;-0.23;2.68;1.37;0.23;3.50;2.13;3.08;-1.23;0.42;3.36
1977:Q2;9.50;11.57;10.53;8.88;1.65;3.52;0.00;;0.00;0.33;3.41;6.07;-2.66;3.11;0.23;5.80;2.69;13.29;3.90;-7.49;-1.21
1977:Q3;8.38;8.54;8.46;3.12;5.33;3.70;-0.02;;-0.02;0.33;5.16;-1.95;7.11;0.11;0.23;5.24;5.13;-3.07;-1.62;8.31;6.75
1977:Q4;-0.39;2.54;1.07;4.06;-2.99;3.88;-0.04;;-0.04;0.33;-2.90;2.15;-5.05;-0.18;0.24;-3.03;-2.86;2.68;1.98;-5.71;-4.84
1978:Q1;0.47;1.94;1.21;2.05;-0.84;3.87;-0.06;;-0.06;0.33;-1.39;-5.04;3.65;1.91;0.23;0.07;-1.84;-11.96;-2.92;12.03;1.07
1978:Q2;19.00;14.76;16.88;11.20;5.68;4.01;0.01;;0.01;0.33;8.03;8.20;-0.17;3.55;0.24;10.73;7.18;13.07;6.67;-2.34;0.51
1978:Q3;4.38;3.00;3.69;3.25;0.44;4.74;0.08;;0.08;0.32;-0.10;-0.32;0.22;1.64;0.24;1.15;-0.48;-1.07;-0.09;2.22;-0.40
1978:Q4;5.86;3.95;4.91;4.32;0.58;5.03;0.15;;0.15;0.32;0.26;1.03;-0.77;2.81;0.24;2.40;-0.40;2.69;0.52;-0.28;-0.93
1979:Q1;0.50;3.61;2.06;2.79;-0.73;5.39;0.21;;0.21;0.32;-1.71;-0.63;-1.08;0.57;0.24;-1.27;-1.84;-0.87;-0.55;-0.40;-1.29
1979:Q2;0.48;-2.62;-1.07;0.85;-1.92;5.52;0.22;1.12;1.12;0.31;-4.15;-9.25;5.10;4.07;0.23;-1.03;-5.10;-25.23;-4.41;24.19;-0.69
1979:Q3;3.52;0.38;1.95;3.62;-1.67;5.39;0.22;-0.90;-0.90;0.31;-1.60;3.86;-5.46;2.57;0.23;0.37;-2.20;7.13;2.86;-6.76;-5.06
1979:Q4;0.58;1.28;0.93;1.42;-0.49;5.45;0.22;-0.23;-0.23;0.31;-1.57;-0.93;-0.63;-0.03;0.23;-1.59;-1.56;-2.99;-0.32;1.41;-1.24
1980:Q1;0.71;-1.36;-0.32;-1.95;1.63;5.32;0.22;0.04;0.04;0.30;-0.61;-8.97;8.36;-2.13;0.23;-2.25;-0.12;-7.35;-9.46;5.10;9.33
1980:Q2;-11.40;-9.15;-10.27;-7.15;-3.12;5.14;0.31;1.02;1.02;0.30;-7.57;-5.08;-2.49;-0.83;0.22;-8.21;-7.38;-18.21;-1.41;10.00;-5.97
1980:Q3;-0.99;3.49;1.25;-1.52;2.78;4.35;0.39;0.93;0.93;0.30;0.34;2.31;-1.97;1.41;0.22;1.43;0.03;6.30;1.17;-4.86;-1.14
1980:Q4;9.40;11.75;10.58;5.49;5.09;4.06;0.48;0.55;0.55;0.31;5.15;9.04;-3.89;4.67;0.22;8.79;4.12;21.21;5.58;-12.42;-1.47
1981:Q1;9.73;3.46;6.60;2.21;4.38;4.10;0.56;-0.12;-0.12;0.32;3.87;-0.91;4.79;5.14;0.22;7.88;2.74;-5.70;0.44;13.58;2.30
1981:Q2;-4.11;-0.09;-2.10;-0.50;-1.60;4.62;0.55;0.09;0.09;0.32;-3.30;0.73;-4.03;-0.59;0.22;-3.76;-3.17;3.78;-0.13;-7.54;-3.04
1981:Q3;5.55;6.75;6.15;-0.02;6.17;4.48;0.53;0.22;0.22;0.32;4.57;-4.03;8.61;2.66;0.22;6.64;3.98;-4.82;-3.81;11.47;7.79
1981:Q4;-6.41;-6.12;-6.27;-1.57;-4.70;4.86;0.51;0.86;0.86;0.32;-7.35;-5.53;-1.82;0.76;0.22;-6.75;-7.51;-8.82;-4.62;2.07;-2.89
1982:Q1;-8.60;-4.60;-6.60;-6.98;0.38;4.97;0.50;1.85;1.85;0.32;-4.70;-6.77;2.07;2.01;0.22;-3.13;-5.15;-15.40;-4.31;12.27;-0.84
1982:Q2;1.81;1.33;1.57;1.31;0.26;4.31;0.50;1.03;1.03;0.32;-1.39;1.55;-2.94;1.33;0.22;-0.35;-1.68;8.33;-0.33;-8.68;-1.35
1982:Q3;-2.54;-2.58;-2.56;-2.62;0.06;3.47;0.50;1.07;1.07;0.32;-2.61;0.04;-2.65;3.87;0.22;0.42;-3.45;-2.98;0.87;3.40;-4.32
1982:Q4;-0.33;-2.83;-1.58;-3.80;2.22;2.80;0.51;-0.04;-0.04;0.32;0.13;-0.64;0.77;2.39;0.22;2.00;-0.39;-0.66;-0.64;2.66;0.25
1983:Q1;5.90;4.66;5.28;2.25;3.02;1.87;0.51;1.46;1.46;0.32;2.16;3.71;-1.55;1.86;0.21;3.63;1.76;11.17;1.67;-7.55;0.10
1983:Q2;11.07;8.06;9.56;4.23;5.33;2.30;0.45;0.36;0.36;0.33;5.72;7.04;-1.32;2.37;0.22;7.57;5.20;12.39;5.53;-4.82;-0.33
1983:Q3;9.70;6.57;8.14;8.11;0.03;3.15;0.39;0.27;0.27;0.33;1.48;6.23;-4.75;4.06;0.22;4.64;0.58;12.48;4.44;-7.84;-3.86
1983:Q4;9.99;11.27;10.63;6.38;4.25;4.10;0.32;0.29;0.29;0.33;4.82;4.21;0.61;1.34;0.23;5.85;4.51;7.19;3.31;-1.34;1.20
1984:Q1;9.85;13.78;11.82;7.73;4.08;5.24;0.26;-0.59;-0.59;0.33;5.31;2.06;3.25;3.62;0.23;8.10;4.47;3.13;1.74;4.97;2.74
1984:Q2;8.53;8.05;8.29;4.98;3.31;5.31;0.25;-0.43;-0.43;0.34;3.48;0.01;3.47;1.83;0.23;4.89;3.06;-2.94;0.90;7.83;2.16
1984:Q3;3.94;4.39;4.16;1.79;2.38;5.27;0.23;1.15;1.15;0.34;0.44;-1.21;1.66;2.98;0.23;2.73;-0.25;-4.00;-0.37;6.74;0.12
1984:Q4;3.13;4.54;3.83;2.20;1.64;5.14;0.22;1.35;1.35;0.34;-0.25;-1.85;1.59;2.39;0.24;1.57;-0.82;-1.67;-1.90;3.25;1.08
1985:Q1;4.71;4.13;4.42;2.98;1.44;4.75;0.20;-1.59;-1.59;0.34;1.90;-2.76;4.66;4.05;0.23;5.00;0.95;-6.72;-1.54;11.72;2.49
1985:Q2;3.85;2.99;3.42;2.17;1.25;4.41;0.25;2.33;2.33;0.33;-1.06;0.42;-1.47;1.24;0.24;-0.11;-1.35;1.89;-0.04;-2.00;-1.31
1985:Q3;6.92;5.30;6.11;0.55;5.56;4.49;0.29;0.18;0.18;0.33;4.14;1.20;2.94;2.30;0.24;5.89;3.59;2.09;0.92;3.80;2.67
1985:Q4;2.91;1.96;2.44;1.63;0.81;4.14;0.33;0.18;0.18;0.33;-0.13;1.23;-1.36;0.22;0.23;0.04;-0.18;3.68;0.49;-3.63;-0.67
1986:Q1;3.92;4.19;4.06;0.07;3.98;4.44;0.38;-0.18;-0.18;0.32;2.71;-1.10;3.81;1.29;0.23;3.70;2.40;-2.76;-0.60;6.46;3.00
1986:Q2;1.56;0.65;1.10;-1.04;2.14;4.19;0.36;0.50;0.50;0.32;0.15;-3.22;3.37;-2.32;0.24;-1.62;0.70;-7.11;-2.00;5.49;2.70
1986:Q3;4.23;2.51;3.37;2.15;1.22;3.75;0.34;0.27;0.27;0.31;0.54;0.18;0.36;-2.53;0.25;-1.37;1.16;2.05;-0.43;-3.41;1.59
1986:Q4;1.96;3.25;2.61;2.92;-0.31;3.17;0.32;1.00;1.00;0.31;-1.08;-0.07;-1.00;-0.33;0.25;-1.33;-0.99;-0.71;0.13;-0.62;-1.13
1987:Q1;3.11;4.60;3.86;4.76;-0.91;3.00;0.30;1.12;1.12;0.31;-1.12;3.24;-4.35;-0.14;0.23;-1.22;-1.08;6.18;2.34;-7.41;-3.42
1987:Q2;4.80;7.46;6.13;2.40;3.73;3.12;0.36;-1.58;-1.58;0.32;4.58;0.19;4.39;1.37;0.24;5.62;4.25;-2.88;1.15;8.50;3.11
1987:Q3;3.00;6.01;4.50;2.48;2.03;3.43;0.43;0.49;0.49;0.32;1.39;-0.01;1.40;2.50;0.24;3.28;0.79;-1.50;0.46;4.79;0.32
1987:Q4;7.59;5.64;6.62;4.11;2.50;3.79;0.49;1.17;1.17;0.32;1.80;1.12;0.68;-1.45;0.23;0.69;2.14;3.59;0.37;-2.90;1.77
1988:Q1;1.50;4.99;3.24;0.29;2.95;4.04;0.55;0.06;0.06;0.32;1.72;-4.11;5.83;3.09;0.24;4.06;0.98;-3.58;-4.28;7.64;5.26
1988:Q2;6.00;5.16;5.58;5.45;0.13;3.91;0.50;0.70;0.70;0.32;0.14;-1.03;1.18;2.11;0.24;1.75;-0.36;1.65;-1.87;0.10;1.51
1988:Q3;2.05;3.71;2.88;0.70;2.18;4.14;0.46;-0.13;-0.13;0.32;1.17;-0.47;1.64;4.32;0.24;4.48;0.16;-1.34;-0.20;5.82;0.36
1988:Q4;5.49;5.64;5.56;4.67;0.90;4.19;0.41;0.59;0.59;0.32;0.65;0.66;-0.01;0.06;0.24;0.70;0.63;2.76;0.00;-2.06;0.63
1989:Q1;4.62;2.52;3.57;3.79;-0.22;4.31;0.37;0.85;0.85;0.32;-0.97;0.42;-1.39;2.39;0.23;0.86;-1.53;3.07;-0.39;-2.22;-1.14
1989:Q2;2.98;-1.89;0.54;0.97;-0.43;4.05;0.46;2.46;2.46;0.32;-3.09;-1.04;-2.05;4.92;0.23;0.68;-4.24;-7.94;1.08;8.62;-5.33
1989:Q3;2.98;1.27;2.13;1.40;0.72;3.78;0.55;-0.04;-0.04;0.32;0.00;-2.19;2.19;1.32;0.24;1.01;-0.32;-7.16;-0.64;8.16;0.33
1989:Q4;0.23;-0.24;0.00;-0.12;0.12;3.47;0.65;0.29;0.29;0.31;-1.21;-0.34;-0.87;0.90;0.23;-0.52;-1.42;-0.82;-0.20;0.30;-1.22
1990:Q1;4.67;3.95;4.31;0.62;3.70;2.91;0.74;0.37;0.37;0.31;2.73;1.76;0.97;3.06;0.23;5.07;2.01;0.33;2.20;4.75;-0.19
1990:Q2;1.12;2.10;1.61;-2.07;3.68;3.20;0.71;0.29;0.29;0.31;1.85;1.22;0.63;3.88;0.23;4.86;0.97;3.83;0.46;1.03;0.51
1990:Q3;-0.46;-1.22;-0.84;-2.53;1.69;3.28;0.68;1.85;1.85;0.31;-1.38;-1.65;0.27;2.05;0.23;0.21;-1.84;-1.03;-1.83;1.24;-0.01
1990:Q4;-5.33;-3.00;-4.16;-1.04;-3.12;3.42;0.65;0.05;0.05;0.31;-4.54;-3.90;-0.64;1.52;0.22;-3.36;-4.88;-11.09;-1.82;7.73;-3.06
1991:Q1;-3.05;-1.68;-2.37;-4.00;1.63;3.53;0.62;1.98;1.98;0.31;-2.07;-3.67;1.60;-0.35;0.22;-2.34;-1.99;-9.01;-2.16;6.67;0.16
1991:Q2;3.95;1.37;2.66;-2.43;5.09;2.73;0.71;0.08;0.08;0.31;3.43;0.94;2.49;1.87;0.22;4.89;3.02;6.18;-0.53;-1.30;3.55
1991:Q3;2.42;1.22;1.82;-0.36;2.18;2.28;0.79;-0.06;-0.06;0.31;1.40;2.04;-0.64;2.53;0.22;3.38;0.84;9.83;-0.15;-6.45;0.99
1991:Q4;1.51;1.48;1.49;-0.86;2.35;2.02;0.88;2.01;2.01;0.31;0.07;0.94;-0.86;1.55;0.22;1.29;-0.27;-1.42;1.59;2.70;-1.85
1992:Q1;6.11;8.84;7.47;-2.66;10.14;1.91;0.96;-1.44;-1.44;0.31;9.74;-0.59;10.33;1.29;0.22;10.75;9.46;-2.15;-0.16;12.91;9.62
1992:Q2;5.02;3.69;4.36;2.12;2.24;1.94;0.88;0.53;0.53;0.30;1.92;3.33;-1.41;2.12;0.22;3.58;1.46;7.73;2.10;-4.15;-0.64
1992:Q3;4.34;0.78;2.56;0.51;2.05;2.61;0.79;1.09;1.09;0.30;0.66;0.08;0.58;2.19;0.22;2.36;0.18;-1.23;0.44;3.60;-0.27
1992:Q4;4.76;4.25;4.51;2.46;2.05;2.94;0.71;1.66;1.66;0.30;0.74;1.51;-0.77;3.74;0.22;3.65;-0.08;1.08;1.63;2.57;-1.72
1993:Q1;-0.26;-3.04;-1.65;2.94;-4.59;3.32;0.63;0.41;0.41;0.30;-4.99;2.08;-7.08;3.64;0.22;-2.16;-5.80;7.62;0.50;-9.78;-6.30
1993:Q2;2.48;5.79;4.13;4.26;-0.12;3.30;0.59;0.03;0.03;0.31;0.15;2.26;-2.11;2.25;0.23;1.89;-0.36;5.12;1.43;-3.23;-1.78
1993:Q3;1.92;0.45;1.19;2.31;-1.13;3.20;0.55;1.11;1.11;0.31;-2.17;1.52;-3.69;2.06;0.23;-0.57;-2.63;2.70;1.18;-3.27;-3.81
1993:Q4;6.83;9.92;8.38;3.71;4.67;3.02;0.51;0.20;0.20;0.31;4.75;0.95;3.80;0.64;0.23;5.24;4.60;5.67;-0.46;-0.43;5.07
1994:Q1;4.65;2.44;3.55;3.72;-0.17;3.14;0.48;3.04;3.04;0.32;-2.06;1.61;-3.67;0.88;0.23;-1.38;-2.27;3.02;1.18;-4.40;-3.45
1994:Q2;6.49;7.56;7.02;6.85;0.17;3.33;0.42;0.22;0.22;0.32;1.15;1.94;-0.79;0.31;0.23;1.38;1.08;3.83;1.37;-2.45;-0.29
1994:Q3;2.37;4.19;3.28;4.42;-1.14;3.46;0.37;1.31;1.31;0.32;-1.72;-1.13;-0.60;0.87;0.23;-1.06;-1.93;-1.81;-0.92;0.76;-1.01
1994:Q4;5.68;5.95;5.82;1.78;4.04;3.41;0.32;-1.35;-1.35;0.33;4.42;1.22;3.20;2.71;0.24;6.49;3.77;3.44;0.53;3.05;3.24
1995:Q1;1.23;1.56;1.39;2.00;-0.61;3.83;0.26;0.79;0.79;0.33;-1.74;-2.66;0.92;1.03;0.24;-0.96;-1.99;-3.68;-2.34;2.72;0.35
1995:Q2;1.10;2.59;1.84;-0.19;2.03;4.12;0.33;1.35;1.35;0.33;-0.30;-4.40;4.10;1.88;0.24;1.13;-0.75;-12.66;-1.79;13.79;1.05
1995:Q3;4.26;6.28;5.27;3.94;1.33;4.11;0.40;-0.19;-0.19;0.33;1.40;0.71;0.69;2.69;0.24;3.44;0.76;-0.06;0.96;3.50;-0.20
1995:Q4;3.50;3.35;3.42;0.75;2.68;3.95;0.47;1.66;1.66;0.33;0.51;-0.43;0.94;3.68;0.24;3.30;-0.38;-0.36;-0.46;3.66;0.08
1996:Q1;3.78;5.70;4.74;0.82;3.92;4.16;0.54;0.61;0.61;0.33;2.40;-4.17;6.58;2.98;0.24;4.66;1.68;-12.26;-1.59;16.92;3.27
1996:Q2;7.82;6.73;7.28;3.40;3.88;4.20;0.47;0.40;0.40;0.33;3.34;6.31;-2.96;5.86;0.24;7.78;1.93;16.41;3.08;-8.62;-1.15
1996:Q3;4.41;4.55;4.48;2.95;1.53;4.41;0.40;-0.60;-0.60;0.34;1.44;1.54;-0.10;3.65;0.24;4.20;0.55;2.95;1.08;1.25;-0.53
1996:Q4;4.95;5.98;5.47;4.41;1.06;4.73;0.33;-0.23;-0.23;0.34;1.10;-0.60;1.70;4.24;0.24;4.31;0.07;-3.17;0.22;7.48;-0.15
1997:Q1;2.76;5.15;3.96;3.53;0.42;4.69;0.26;1.48;1.48;0.34;-0.94;1.31;-2.25;4.25;0.25;2.27;-1.99;6.23;-0.29;-3.96;-1.70
1997:Q2;8.01;6.10;7.05;1.77;5.28;4.98;0.31;0.15;0.15;0.34;4.09;0.78;3.31;5.53;0.24;8.28;2.75;0.46;0.89;7.82;1.86
1997:Q3;5.80;7.60;6.70;2.05;4.65;5.50;0.37;-0.08;-0.08;0.34;3.54;-1.06;4.60;3.86;0.25;6.44;2.59;-4.72;0.14;11.17;2.45
1997:Q4;3.67;6.22;4.94;1.43;3.52;5.78;0.43;0.93;0.93;0.33;1.44;2.13;-0.69;5.20;0.25;5.35;0.16;5.32;1.08;0.03;-0.93
1998:Q1;4.50;4.73;4.62;2.25;2.36;5.63;0.48;-0.80;-0.80;0.33;1.79;-0.01;1.80;5.09;0.25;5.61;0.52;-4.71;1.53;10.32;-1.01
1998:Q2;4.16;6.65;5.40;2.41;3.00;6.02;0.42;0.76;0.76;0.33;1.31;-3.45;4.76;4.87;0.25;4.95;0.08;-10.88;-0.95;15.82;1.03
1998:Q3;5.91;6.51;6.21;0.27;5.94;5.82;0.36;0.80;0.80;0.32;3.60;-0.59;4.19;5.10;0.25;7.41;2.31;-1.26;-0.36;8.67;2.68
1998:Q4;7.93;4.55;6.24;4.61;1.63;5.74;0.30;1.16;1.16;0.32;0.48;1.93;-1.46;3.32;0.26;2.94;-0.38;6.55;0.34;-3.60;-0.71
1999:Q1;4.55;6.48;5.51;-1.32;6.84;5.95;0.24;-0.83;-0.83;0.32;5.05;-1.21;6.25;3.88;0.26;7.93;4.05;-2.86;-0.63;10.80;4.69
1999:Q2;3.38;2.52;2.95;2.36;0.59;6.22;0.27;1.45;1.45;0.32;-1.64;-0.47;-1.17;3.70;0.26;1.08;-2.61;1.68;-1.23;-0.60;-1.38
1999:Q3;6.08;4.31;5.19;2.43;2.77;6.37;0.30;0.21;0.21;0.32;1.36;0.33;1.03;4.79;0.27;4.88;0.10;2.38;-0.41;2.50;0.50
1999:Q4;7.79;7.18;7.48;2.08;5.40;6.52;0.33;0.03;0.03;0.32;3.97;-1.76;5.73;3.47;0.26;6.53;3.07;-3.98;-0.98;10.51;4.05
2000:Q1;2.03;10.91;6.47;2.25;4.22;6.27;0.37;0.71;0.71;0.31;2.47;1.50;0.97;2.70;0.27;4.44;1.74;4.92;0.24;-0.48;1.50
2000:Q2;8.73;2.16;5.45;0.34;5.11;6.26;0.35;-0.65;-0.65;0.31;3.71;-0.29;4.00;3.12;0.26;6.01;2.89;-3.37;0.81;9.38;2.07
2000:Q3;0.09;3.54;1.82;0.28;1.54;6.68;0.33;1.69;1.69;0.31;-1.60;-2.24;0.63;4.03;0.26;1.36;-2.67;-5.29;-1.14;6.65;-1.54
2000:Q4;2.63;-1.50;0.56;-2.24;2.81;6.26;0.32;-1.78;-1.78;0.31;1.44;-3.27;4.70;3.82;0.26;4.25;0.43;-11.31;-0.40;15.56;0.83
2001:Q1;-2.07;5.61;1.77;-0.13;1.90;5.94;0.30;2.85;2.85;0.31;-1.93;-2.55;0.61;6.75;0.26;3.05;-3.71;-9.89;0.06;12.94;-3.77
2001:Q2;2.42;-1.34;0.54;-4.49;5.03;5.15;0.39;0.00;0.00;0.31;2.08;-2.09;4.17;6.18;0.25;6.70;0.51;-2.28;-2.03;8.98;2.54
2001:Q3;-2.81;-3.02;-2.91;-4.46;1.55;4.38;0.48;1.70;1.70;0.31;-2.35;-2.80;0.45;4.38;0.25;0.93;-3.46;-3.62;-2.53;4.55;-0.93
2001:Q4;1.08;-3.11;-1.01;-4.26;3.24;3.67;0.57;-0.18;-0.18;0.31;0.89;-3.42;4.31;2.67;0.26;2.87;0.20;-5.77;-2.60;8.64;2.80
2002:Q1;3.98;5.32;4.65;-3.23;7.88;3.09;0.66;-0.27;-0.27;0.32;6.06;1.18;4.88;3.35;0.25;8.57;5.22;10.40;-1.91;-1.83;7.13
2002:Q2;2.49;3.75;3.12;0.85;2.27;2.96;0.62;1.30;1.30;0.32;0.71;1.50;-0.80;3.77;0.25;3.54;-0.23;6.90;-0.28;-3.36;0.05
2002:Q3;1.94;0.20;1.07;-1.51;2.58;2.83;0.58;0.40;0.40;0.33;0.90;-0.79;1.69;4.36;0.25;4.18;-0.19;-4.04;0.30;8.22;-0.48
2002:Q4;0.42;3.22;1.82;0.64;1.18;2.76;0.54;-0.19;-0.19;0.33;0.62;0.88;-0.26;4.55;0.24;4.06;-0.50;3.29;0.09;0.76;-0.59
2003:Q1;2.08;-0.01;1.03;-2.26;3.29;2.38;0.51;-0.37;-0.37;0.33;2.01;1.15;0.85;7.58;0.24;7.77;0.18;1.74;0.97;6.02;-0.79
2003:Q2;4.17;4.15;4.16;-1.93;6.09;2.35;0.45;1.01;1.01;0.33;3.99;-0.89;4.87;4.12;0.25;7.10;2.98;-2.55;-0.35;9.65;3.32
2003:Q3;8.83;5.26;7.05;1.31;5.73;2.35;0.39;0.64;0.64;0.33;4.96;0.56;4.40;6.29;0.25;9.70;3.42;1.67;0.20;8.04;3.22
2003:Q4;5.30;3.34;4.32;2.04;2.27;2.61;0.33;0.55;0.55;0.34;1.72;3.93;-2.22;4.72;0.24;5.29;0.57;12.69;1.11;-7.40;-0.55
2004:Q1;1.53;3.27;2.40;1.26;1.14;2.75;0.27;-0.58;-0.58;0.34;1.02;1.74;-0.73;5.74;0.24;5.37;-0.37;6.55;0.22;-1.18;-0.59
2004:Q2;3.38;5.90;4.64;0.61;4.04;2.66;0.23;0.40;0.40;0.34;3.07;-0.98;4.05;3.60;0.24;5.80;2.20;-3.36;-0.22;9.16;2.42
2004:Q3;4.42;5.49;4.96;2.37;2.59;3.02;0.19;-1.22;-1.22;0.35;3.16;0.03;3.14;5.52;0.24;7.34;1.82;-2.56;0.85;9.90;0.96
2004:Q4;4.49;2.03;3.26;1.05;2.21;3.37;0.14;1.87;1.87;0.35;0.19;-2.04;2.23;3.71;0.24;2.99;-0.72;-4.31;-1.31;7.30;0.59
2005:Q1;5.05;4.30;4.68;1.24;3.43;3.68;0.10;1.16;1.16;0.35;1.82;0.34;1.48;3.31;0.24;4.33;1.02;0.05;0.44;4.29;0.58
2005:Q2;1.56;3.84;2.70;3.23;-0.53;3.74;0.15;-0.99;-0.99;0.36;-0.07;-0.35;0.28;4.04;0.24;2.98;-1.06;-4.88;1.12;7.86;-2.18
2005:Q3;4.06;3.27;3.67;0.52;3.14;3.68;0.19;-0.55;-0.55;0.36;2.35;2.01;0.34;8.47;0.24;8.75;0.28;5.84;0.78;2.92;-0.49
2005:Q4;2.93;7.91;5.42;2.14;3.28;3.79;0.23;1.18;1.18;0.37;1.93;3.39;-1.46;4.82;0.24;5.61;0.78;6.54;2.41;-0.93;-1.63
2006:Q1;6.53;8.41;7.47;3.56;3.91;3.90;0.27;0.43;0.43;0.37;3.51;0.65;2.86;3.92;0.24;6.49;2.57;0.17;0.81;6.32;1.76
2006:Q2;0.93;0.72;0.83;1.34;-0.51;3.90;0.32;0.23;0.23;0.37;-1.61;1.97;-3.58;5.33;0.24;2.45;-2.88;5.19;0.96;-2.75;-3.84
2006:Q3;0.54;2.07;1.30;2.19;-0.88;3.67;0.38;0.53;0.53;0.37;-1.77;0.63;-2.40;3.78;0.24;1.10;-2.68;-1.69;1.37;2.79;-4.05
2006:Q4;4.52;1.85;3.18;1.59;1.60;3.56;0.44;-0.61;-0.61;0.37;1.25;-0.33;1.58;1.57;0.24;2.45;0.88;-4.93;1.13;7.38;-0.26
2007:Q1;1.25;-0.30;0.48;0.24;0.24;3.29;0.50;0.29;0.29;0.36;-1.06;-0.39;-0.67;5.63;0.24;3.22;-2.42;-0.44;-0.38;3.65;-2.04
2007:Q2;2.79;1.17;1.98;0.65;1.32;3.41;0.59;1.15;1.15;0.36;-0.40;1.84;-2.25;4.17;0.24;2.77;-1.41;6.68;0.32;-3.91;-1.73
2007:Q3;2.33;-4.53;-1.10;-1.63;0.53;3.47;0.67;1.61;1.61;0.36;-2.31;-1.76;-0.56;4.46;0.24;1.08;-3.37;-1.50;-1.84;2.59;-1.54
2007:Q4;2.31;-1.40;0.46;-0.16;0.61;3.49;0.76;-0.98;-0.98;0.35;-0.03;-2.07;2.04;4.21;0.24;3.18;-1.03;-3.94;-1.49;7.13;0.46
2008:Q1;-4.11;-1.14;-2.62;-1.16;-1.46;3.60;0.85;2.70;2.70;0.35;-4.87;0.13;-5.00;2.20;0.24;-3.19;-5.39;1.79;-0.39;-4.99;-5.01
2008:Q2;1.71;-2.12;-0.21;-2.43;2.23;3.42;0.79;0.10;0.10;0.34;0.14;-0.57;0.71;3.17;0.23;2.58;-0.59;-3.59;0.35;6.17;-0.94
2008:Q3;-3.54;-2.78;-3.16;-4.67;1.50;3.11;0.74;0.33;0.33;0.35;-1.40;-3.26;1.87;2.41;0.23;0.47;-1.94;-8.37;-1.77;8.84;-0.17
2008:Q4;-12.00;-11.63;-11.81;-9.28;-2.53;2.65;0.69;0.97;0.97;0.35;-7.33;-6.37;-0.96;-2.50;0.22;-9.28;-6.79;-18.05;-3.13;8.76;-3.66
2009:Q1;-6.31;-9.27;-7.79;-10.39;2.60;1.56;0.64;1.85;1.85;0.36;-2.84;-7.30;4.46;3.22;0.21;-0.29;-3.51;-19.92;-3.94;19.63;0.43
2009:Q2;-0.88;2.25;0.68;-9.01;9.70;0.64;0.64;2.10;2.10;0.36;4.86;-5.19;10.06;0.32;0.21;5.11;4.80;-2.36;-5.94;7.48;10.74
2009:Q3;1.74;1.96;1.85;-4.61;6.46;0.43;0.65;0.50;0.50;0.37;4.29;4.47;-0.18;3.30;0.21;6.89;3.59;15.54;1.48;-8.65;2.11
2009:Q4;5.41;6.47;5.94;-0.28;6.22;0.51;0.65;0.60;0.60;0.37;5.55;3.76;1.80;2.83;0.21;7.79;4.96;15.06;0.73;-7.28;4.22
2010:Q1;1.61;2.04;1.83;0.18;1.65;0.97;0.65;0.82;0.82;0.38;0.84;4.00;-3.16;6.36;0.21;5.85;-0.51;7.79;2.97;-1.95;-3.49
2010:Q2;4.60;5.81;5.21;3.68;1.53;1.16;0.55;-1.51;-1.51;0.39;3.42;5.10;-1.67;4.25;0.21;6.76;2.51;12.31;3.13;-5.55;-0.62
2010:Q3;4.35;8.93;6.64;1.98;4.66;1.45;0.44;1.23;1.23;0.39;4.11;1.86;2.25;3.66;0.22;6.98;3.31;1.01;2.10;5.97;1.22
2010:Q4;2.81;1.55;2.18;1.68;0.49;1.87;0.34;1.08;1.08;0.39;-0.24;1.95;-2.19;3.29;0.22;2.33;-0.96;3.99;1.37;-1.67;-2.34
2011:Q1;-2.10;-0.36;-1.23;0.92;-2.15;2.01;0.23;-0.72;-0.72;0.38;-2.13;-0.02;-2.11;2.51;0.22;-0.17;-2.69;1.28;-0.39;-1.45;-2.30
2011:Q2;3.70;3.87;3.78;2.98;0.81;1.81;0.28;0.47;0.47;0.38;0.97;2.16;-1.20;2.26;0.22;2.73;0.47;-0.67;2.97;3.40;-2.50
2011:Q3;0.07;2.15;1.11;1.71;-0.60;1.92;0.33;2.39;2.39;0.38;-2.15;-1.24;-0.92;3.32;0.23;0.41;-2.90;-1.89;-1.05;2.30;-1.85
2011:Q4;5.94;4.34;5.14;3.14;2.00;2.03;0.38;-1.53;-1.53;0.39;3.37;1.86;1.51;2.35;0.23;5.19;2.84;3.66;1.33;1.52;1.51
2012:Q1;4.42;11.33;7.87;3.31;4.56;2.23;0.43;0.42;0.42;0.39;4.73;0.72;4.01;1.50;0.23;5.89;4.38;3.44;-0.08;2.45;4.47
2012:Q2;2.24;1.88;2.06;0.52;1.54;2.41;0.38;2.90;2.90;0.39;-0.96;-0.67;-0.29;3.74;0.23;1.92;-1.81;-0.24;-0.80;2.16;-1.01
2012:Q3;0.63;-3.02;-1.19;1.67;-2.87;2.64;0.33;-1.62;-1.62;0.39;-2.27;0.39;-2.66;3.71;0.23;0.60;-3.11;-2.86;1.35;3.46;-4.46
2012:Q4;0.57;5.17;2.87;1.77;1.11;2.59;0.28;1.07;1.07;0.39;0.13;1.20;-1.07;2.48;0.23;2.04;-0.44;-1.70;2.07;3.74;-2.51
2013:Q1;4.78;0.48;2.63;1.19;1.44;2.68;0.23;-0.07;-0.07;0.39;0.90;0.78;0.12;2.91;0.23;3.13;0.22;3.30;0.02;-0.17;0.20
2013:Q2;0.63;3.16;1.89;1.35;0.54;2.79;0.21;0.32;0.32;0.39;-0.22;0.55;-0.77;2.58;0.23;1.76;-0.81;0.15;0.67;1.62;-1.48
2013:Q3;4.07;0.34;2.21;2.49;-0.28;2.50;0.20;-0.77;-0.77;0.39;0.18;-0.58;0.76;3.90;0.23;3.19;-0.71;0.50;-0.90;2.68;0.19
2013:Q4;4.20;3.68;3.94;1.48;2.46;2.63;0.19;0.46;0.46;0.39;1.73;-0.31;2.04;3.59;0.23;4.51;0.91;1.76;-0.92;2.74;1.83
2014:Q1;-1.98;2.33;0.17;1.73;-1.56;2.67;0.18;2.56;2.56;0.39;-3.48;-0.51;-2.98;3.62;0.23;-0.69;-4.32;-3.07;0.26;2.37;-4.58
2014:Q2;6.81;7.42;7.12;2.90;4.22;2.55;0.18;-2.39;-2.39;0.39;5.80;2.51;3.29;4.65;0.23;9.37;4.73;7.98;0.86;1.40;3.86
2014:Q3;6.23;6.37;6.30;3.02;3.28;2.80;0.19;1.38;1.38;0.39;2.53;0.22;2.31;3.16;0.23;4.96;1.80;0.69;0.07;4.26;1.73
2014:Q4;2.75;4.20;3.47;4.86;-1.39;2.93;0.19;-0.50;-0.50;0.39;-0.32;2.10;-2.43;0.90;0.23;0.37;-0.53;3.26;1.75;-2.90;-2.29
2015:Q1;4.69;3.41;4.05;1.15;2.91;2.82;0.19;-0.15;-0.15;0.39;2.34;-0.89;3.23;-0.69;0.23;1.81;2.50;-3.83;-0.01;5.64;2.51
2015:Q2;3.24;1.58;2.41;1.54;0.88;2.91;0.21;0.04;0.04;0.39;0.32;-1.32;1.64;3.18;0.23;2.76;-0.41;-0.97;-1.43;3.73;1.02
2015:Q3;1.44;0.58;1.01;0.29;0.72;2.80;0.24;1.54;1.54;0.39;-1.19;0.38;-1.57;3.18;0.23;1.26;-1.92;-1.50;0.95;2.76;-2.87
2015:Q4;0.40;0.04;0.22;2.73;-2.51;2.72;0.26;0.83;0.83;0.39;-3.02;0.81;-3.82;2.02;0.23;-1.46;-3.48;1.57;0.58;-3.03;-4.06
2016:Q1;2.54;2.44;2.49;1.68;0.81;2.55;0.28;-2.23;-2.23;0.38;1.85;-0.18;2.03;1.97;0.23;3.37;1.39;3.29;-1.21;0.08;2.61
2016:Q2;1.24;-2.61;-0.69;1.52;-2.21;2.49;0.29;2.19;2.19;0.38;-3.93;-0.09;-3.84;5.09;0.23;0.00;-5.09;2.06;-0.73;-2.06;-4.37
2016:Q3;2.50;2.58;2.54;0.94;1.61;2.37;0.31;-1.08;-1.08;0.38;1.72;0.77;0.95;4.26;0.23;5.01;0.75;4.88;-0.45;0.13;1.19
2016:Q4;3.19;2.57;2.88;0.18;2.70;2.35;0.32;0.18;0.18;0.38;1.76;0.78;0.99;3.60;0.23;4.55;0.94;0.08;0.98;4.47;-0.04
2017:Q1;2.45;4.36;3.41;1.86;1.55;2.40;0.33;0.66;0.66;0.38;0.94;-0.86;1.80;2.10;0.23;2.56;0.46;-0.56;-0.95;3.12;1.41
2017:Q2;1.91;4.00;2.96;2.09;0.87;2.35;0.36;-0.17;-0.17;0.38;0.87;1.82;-0.94;2.56;0.23;2.85;0.29;3.25;1.39;-0.40;-1.10
2017:Q3;3.57;1.91;2.74;0.62;2.12;2.38;0.38;0.63;0.63;0.38;1.07;0.28;0.79;4.35;0.23;4.43;0.08;-0.09;0.39;4.52;-0.31
2017:Q4;4.51;3.18;3.85;3.96;-0.11;2.48;0.40;-0.47;-0.47;0.38;0.74;1.75;-1.01;3.49;0.23;3.43;-0.06;3.79;1.14;-0.36;-1.21
2018:Q1;4.39;4.16;4.28;1.55;2.73;2.56;0.43;1.25;1.25;0.38;1.57;1.47;0.10;2.66;0.23;3.62;0.96;5.85;0.16;-2.23;0.79
2018:Q2;2.99;0.48;1.73;1.27;0.46;2.78;0.40;-0.40;-0.40;0.38;0.15;1.69;-1.54;4.11;0.23;3.31;-0.80;1.45;1.76;1.86;-2.56
2018:Q3;2.25;5.38;3.82;2.10;1.71;2.76;0.38;0.86;0.86;0.37;0.93;-1.04;1.97;1.90;0.23;2.39;0.49;1.97;-1.94;0.42;2.43
2018:Q4;1.44;0.54;0.99;0.79;0.20;2.83;0.36;1.23;1.23;0.37;-1.33;-0.57;-0.76;2.78;0.23;0.80;-1.98;0.50;-0.89;0.30;-1.09
2019:Q1;3.55;2.62;3.08;-0.02;3.11;2.93;0.34;-1.28;-1.28;0.37;2.82;-0.94;3.76;-0.41;0.23;2.51;2.92;-5.34;0.39;7.85;2.53
2019:Q2;1.29;0.91;1.10;-0.90;2.00;2.92;0.25;-0.06;-0.06;0.37;0.63;-1.89;2.52;3.34;0.23;3.20;-0.15;-3.60;-1.37;6.80;1.22
2019:Q3;2.85;0.59;1.72;2.67;-0.95;2.75;0.17;0.37;0.37;0.37;-1.21;-1.30;0.08;2.55;0.23;0.75;-1.81;1.48;-2.13;-0.73;0.33
2019:Q4;2.76;3.96;3.36;1.40;1.96;2.67;0.08;1.01;1.01;0.36;0.85;-0.94;1.79;3.61;0.23;3.64;0.02;-0.14;-1.18;3.77;1.20
2020:Q1;-6.24;-2.92;-4.58;-6.21;1.63;2.53;0.11;1.29;1.29;0.36;-2.38;-0.64;-1.74;0.87;0.23;-1.70;-2.58;1.37;-1.22;-3.07;-1.35
2020:Q2;-46.55;-49.24;-47.89;-55.05;7.16;2.21;0.13;7.30;7.30;0.36;-18.34;-17.62;-0.73;-5.06;0.25;-22.16;-17.09;-65.60;-1.88;43.44;-15.22